    num_steps: 5
    ppo_epoch: 4
    reward_window_size: 50
    tau: 0.95
    use_double_buffered_sampler: False
    use_gae: True
    use_linear_clip_decay: False
    use_linear_lr_decay: True
    use_normalized_advantage: False
    value_loss_coef: 0.5
  SLACK_REWARD: -0.001
  SUCCESS_REWARD: 2.5
  preemption:
    append_slurm_job_id: False
    save_resume_state_interval: 100
    save_state_batch_only: False
RUN_TYPE: train
SENSORS: ['DEPTH_SENSOR']
SIMULATOR_GPU_ID: 3
TASK_CONFIG:
  DATASET:
    CONTENT_SCENES: ['*']
    DATA_PATH: data/datasets/objectnav/objectnav_hm3d_sp_gen/{split}/{split}.json.gz
    MAX_EPISODE_STEPS: 500
    SCENES_DIR: data/scene_datasets/
    SPLIT: train
    TYPE: ObjectNav-v2
  ENVIRONMENT:
    ITERATOR_OPTIONS:
      CYCLE: True
      GROUP_BY_SCENE: True
      MAX_SCENE_REPEAT_EPISODES: -1
      MAX_SCENE_REPEAT_STEPS: 10000
      NUM_EPISODE_SAMPLE: -1
      SHUFFLE: True
      STEP_REPETITION_RANGE: 0.2
    MAX_EPISODE_SECONDS: 10000000
    MAX_EPISODE_STEPS: 500
  GYM:
    ACHIEVED_GOAL_KEYS: []
    ACTION_KEYS: None
    AUTO_NAME: 
    CLASS_NAME: RearrangeRLEnv
    DESIRED_GOAL_KEYS: []
    FIX_INFO_DICT: True
    OBS_KEYS: None
  PYROBOT:
    BASE_CONTROLLER: proportional
    BASE_PLANNER: none
    BUMP_SENSOR:
      TYPE: PyRobotBumpSensor
    DEPTH_SENSOR:
      CENTER_CROP: False
      HEIGHT: 480
      MAX_DEPTH: 5.0
      MIN_DEPTH: 0.0
      NORMALIZE_DEPTH: True
      TYPE: PyRobotDepthSensor
      WIDTH: 640
    LOCOBOT:
      ACTIONS: ['BASE_ACTIONS', 'CAMERA_ACTIONS']
      BASE_ACTIONS: ['go_to_relative', 'go_to_absolute']
      CAMERA_ACTIONS: ['set_pan', 'set_tilt', 'set_pan_tilt']
    RGB_SENSOR:
      CENTER_CROP: False
      HEIGHT: 480
      TYPE: PyRobotRGBSensor
      WIDTH: 640
    ROBOT: locobot
    ROBOTS: ['locobot']
    SENSORS: ['RGB_SENSOR', 'DEPTH_SENSOR', 'BUMP_SENSOR']
  SCENE_DATASET: data/scene_datasets/hm3d/hm3d_annotated_basis.scene_dataset_config.json
  SEED: 34269689
  SIMULATOR:
    ACTION_SPACE_CONFIG: v1
    AC_FREQ_RATIO: 4
    ADDITIONAL_OBJECT_PATHS: []
    AGENTS: ['AGENT_0']
    AGENT_0:
      HEIGHT: 0.88
      IS_SET_START_STATE: False
      RADIUS: 0.18
      SENSORS: ['DEPTH_SENSOR']
      START_POSITION: [0, 0, 0]
      START_ROTATION: [0, 0, 0, 1]
    ARM_DEPTH_SENSOR:
      HEIGHT: 480
      HFOV: 90
      MAX_DEPTH: 10.0
      MIN_DEPTH: 0.0
      NORMALIZE_DEPTH: True
      ORIENTATION: [0.0, 0.0, 0.0]
      POSITION: [0, 1.25, 0]
      SENSOR_SUBTYPE: PINHOLE
      TYPE: HabitatSimDepthSensor
      UUID: robot_arm_depth
      WIDTH: 640
    ARM_REST: [0.6, 0.0, 0.9]
    ARM_RGB_SENSOR:
      HEIGHT: 480
      HFOV: 90
      ORIENTATION: [0.0, 0.0, 0.0]
      POSITION: [0, 1.25, 0]
      SENSOR_SUBTYPE: PINHOLE
      TYPE: HabitatSimRGBSensor
      UUID: robot_arm_rgb
      WIDTH: 640
    AUTO_SLEEP: False
    CONCUR_RENDER: False
    CREATE_RENDERER: False
    CTRL_FREQ: 120.0
    DEBUG_RENDER: False
    DEBUG_RENDER_GOAL: True
    DEFAULT_AGENT_ID: 0
    DEPTH_SENSOR:
      HEIGHT: 480
      HFOV: 79
      MAX_DEPTH: 5.0
      MIN_DEPTH: 0.5
      NORMALIZE_DEPTH: True
      ORIENTATION: [0.0, 0.0, 0.0]
      POSITION: [0, 0.88, 0]
      SENSOR_SUBTYPE: PINHOLE
      TYPE: HabitatSimDepthSensor
      WIDTH: 640
    EE_LINK_NAME: None
    EQUIRECT_DEPTH_SENSOR:
      HEIGHT: 480
      MAX_DEPTH: 10.0
      MIN_DEPTH: 0.0
      NORMALIZE_DEPTH: True
      ORIENTATION: [0.0, 0.0, 0.0]
      POSITION: [0, 1.25, 0]
      TYPE: HabitatSimEquirectangularDepthSensor
      WIDTH: 640
    EQUIRECT_RGB_SENSOR:
      HEIGHT: 480
      ORIENTATION: [0.0, 0.0, 0.0]
      POSITION: [0, 1.25, 0]
      TYPE: HabitatSimEquirectangularRGBSensor
      WIDTH: 640
    EQUIRECT_SEMANTIC_SENSOR:
      HEIGHT: 480
      ORIENTATION: [0.0, 0.0, 0.0]
      POSITION: [0, 1.25, 0]
      TYPE: HabitatSimEquirectangularSemanticSensor
      WIDTH: 640
    FISHEYE_DEPTH_SENSOR:
      ALPHA: 0.57
      FOCAL_LENGTH: [364.84, 364.86]
      HEIGHT: 480
      MAX_DEPTH: 10.0
      MIN_DEPTH: 0.0
      NORMALIZE_DEPTH: True
      ORIENTATION: [0.0, 0.0, 0.0]
      POSITION: [0, 1.25, 0]
      PRINCIPAL_POINT_OFFSET: None
      SENSOR_MODEL_TYPE: DOUBLE_SPHERE
      TYPE: HabitatSimFisheyeDepthSensor
      WIDTH: 640
      XI: -0.27
    FISHEYE_RGB_SENSOR:
      ALPHA: 0.57
      FOCAL_LENGTH: [364.84, 364.86]
      HEIGHT: 640
      ORIENTATION: [0.0, 0.0, 0.0]
      POSITION: [0, 1.25, 0]
      PRINCIPAL_POINT_OFFSET: None
      SENSOR_MODEL_TYPE: DOUBLE_SPHERE
      TYPE: HabitatSimFisheyeRGBSensor
      WIDTH: 640
      XI: -0.27
    FISHEYE_SEMANTIC_SENSOR:
      ALPHA: 0.57
      FOCAL_LENGTH: [364.84, 364.86]
      HEIGHT: 640
      ORIENTATION: [0.0, 0.0, 0.0]
      POSITION: [0, 1.25, 0]
      PRINCIPAL_POINT_OFFSET: None
      SENSOR_MODEL_TYPE: DOUBLE_SPHERE
      TYPE: HabitatSimFisheyeSemanticSensor
      WIDTH: 640
      XI: -0.27
    FORWARD_STEP_SIZE: 0.25
    GRASP_IMPULSE: 1000.0
    HABITAT_SIM_V0:
      ALLOW_SLIDING: False
      ENABLE_PHYSICS: False
      FRUSTUM_CULLING: True
      GPU_DEVICE_ID: 0
      GPU_GPU: False
      LEAVE_CONTEXT_WITH_BACKGROUND_RENDERER: False
      PHYSICS_CONFIG_FILE: ./data/default.physics_config.json
    HEAD_DEPTH_SENSOR:
      HEIGHT: 480
      HFOV: 90
      MAX_DEPTH: 10.0
      MIN_DEPTH: 0.0
      NORMALIZE_DEPTH: True
      ORIENTATION: [0.0, 0.0, 0.0]
      POSITION: [0, 1.25, 0]
      SENSOR_SUBTYPE: PINHOLE
      TYPE: HabitatSimDepthSensor
      UUID: robot_head_depth
      WIDTH: 640
    HEAD_RGB_SENSOR:
      HEIGHT: 480
      HFOV: 90
      ORIENTATION: [0.0, 0.0, 0.0]
      POSITION: [0, 1.25, 0]
      SENSOR_SUBTYPE: PINHOLE
      TYPE: HabitatSimRGBSensor
      UUID: robot_head_rgb
      WIDTH: 640
    HOLD_THRESH: 0.09
    IK_ARM_URDF: data/robots/hab_fetch/robots/fetch_onlyarm.urdf
    LAG_OBSERVATIONS: 0
    LOAD_OBJS: False
    NEEDS_MARKERS: True
    REQUIRES_TEXTURES: True
    RGB_SENSOR:
      HEIGHT: 480
      HFOV: 79
      ORIENTATION: [0.0, 0.0, 0.0]
      POSITION: [0, 0.88, 0]
      SENSOR_SUBTYPE: PINHOLE
      TYPE: HabitatSimRGBSensor
      WIDTH: 640
    ROBOT_JOINT_START_NOISE: 0.0
    ROBOT_TYPE: FetchRobot
    ROBOT_URDF: data/robots/hab_fetch/robots/hab_fetch.urdf
    SCENE: data/scene_datasets/habitat-test-scenes/van-gogh-room.glb
    SCENE_DATASET: default
    SEED: 100
    SEMANTIC_SENSOR:
      HEIGHT: 480
      HFOV: 79
      ORIENTATION: [0.0, 0.0, 0.0]
      POSITION: [0, 0.88, 0]
      SENSOR_SUBTYPE: PINHOLE
      TYPE: HabitatSimSemanticSensor
      WIDTH: 640
    STEP_PHYSICS: True
    THIRD_DEPTH_SENSOR:
      HEIGHT: 480
      HFOV: 90
      MAX_DEPTH: 10.0
      MIN_DEPTH: 0.0
      NORMALIZE_DEPTH: True
      ORIENTATION: [0.0, 0.0, 0.0]
      POSITION: [0, 1.25, 0]
      SENSOR_SUBTYPE: PINHOLE
      TYPE: HabitatSimDepthSensor
      UUID: robot_third_rgb
      WIDTH: 640
    THIRD_RGB_SENSOR:
      HEIGHT: 480
      HFOV: 90
      ORIENTATION: [0.0, 0.0, 0.0]
      POSITION: [0, 1.25, 0]
      SENSOR_SUBTYPE: PINHOLE
      TYPE: HabitatSimRGBSensor
      UUID: robot_third_rgb
      WIDTH: 640
    TILT_ANGLE: 30
    TURN_ANGLE: 30
    TYPE: Sim-v0
    UPDATE_ROBOT: True
  TASK:
    ABS_GOAL_SENSOR:
      DIMENSIONALITY: 3
      GOAL_FORMAT: CARTESIAN
      TYPE: AbsGoalSensor
    ABS_TARGET_START_SENSOR:
      DIMENSIONALITY: 3
      GOAL_FORMAT: CARTESIAN
      TYPE: AbsTargetStartSensor
    ACTIONS:
      ANSWER:
        TYPE: AnswerAction
      ARM_ACTION:
        ARM_CONTROLLER: ArmRelPosAction
        ARM_JOINT_DIMENSIONALITY: 7
        DELTA_POS_LIMIT: 0.0125
        DISABLE_GRIP: False
        EE_CTRL_LIM: 0.015
        GRASP_THRESH_DIST: 0.15
        GRIP_CONTROLLER: None
        ORACLE_GRASP: False
        RENDER_EE_TARGET: False
        SHOULD_CLIP: False
        TYPE: ArmAction
      BASE_VELOCITY:
        ALLOW_BACK: True
        ALLOW_DYN_SLIDE: True
        ANG_SPEED: 12.0
        END_ON_STOP: False
        LIN_SPEED: 12.0
        MIN_ABS_ANG_SPEED: 1.0
        MIN_ABS_LIN_SPEED: 1.0
        TYPE: BaseVelAction
      EMPTY:
        TYPE: EmptyAction
      LOOK_DOWN:
        TYPE: LookDownAction
      LOOK_UP:
        TYPE: LookUpAction
      MOVE_FORWARD:
        TYPE: MoveForwardAction
      REARRANGE_STOP:
        TYPE: RearrangeStopAction
      STOP:
        TYPE: StopAction
      TELEPORT:
        TYPE: TeleportAction
      TURN_LEFT:
        TYPE: TurnLeftAction
      TURN_RIGHT:
        TYPE: TurnRightAction
      VELOCITY_CONTROL:
        ANG_VEL_RANGE: [-10.0, 10.0]
        LIN_VEL_RANGE: [0.0, 0.25]
        MIN_ABS_ANG_SPEED: 1.0
        MIN_ABS_LIN_SPEED: 0.025
        TIME_STEP: 1.0
        TYPE: VelocityAction
    ANSWER_ACCURACY:
      TYPE: AnswerAccuracy
    ART_JOINT_SENSOR:
      TYPE: ArtJointSensor
    ART_JOINT_SENSOR_NO_VEL:
      TYPE: ArtJointSensorNoVel
    ART_OBJ_AT_DESIRED_STATE:
      SUCCESS_DIST_THRESHOLD: 0.05
      TYPE: ArtObjAtDesiredState
      USE_ABSOLUTE_DISTANCE: True
    ART_OBJ_REWARD:
      ART_AT_DESIRED_STATE_REWARD: 5.0
      ART_DIST_REWARD: 10.0
      CONSTRAINT_VIOLATE_PEN: 10.0
      DIST_REWARD: 1.0
      EE_DIST_REWARD: 10.0
      FORCE_END_PEN: 10.0
      FORCE_PEN: 0.0
      GRASP_REWARD: 0.0
      MARKER_DIST_REWARD: 0.0
      MAX_FORCE_PEN: 1.0
      TYPE: ArtObjReward
      WRONG_GRASP_END: False
      WRONG_GRASP_PEN: 5.0
    ART_OBJ_STATE:
      TYPE: ArtObjState
    ART_OBJ_SUCCESS:
      REST_DIST_THRESHOLD: 0.15
      TYPE: ArtObjSuccess
    ART_SUCC_THRESH: 0.15
    BAD_CALLED_TERMINATE:
      BAD_TERM_PEN: 0.0
      DECAY_BAD_TERM: False
      TYPE: BadCalledTerminate
    BASE_ANGLE_NOISE: 0.15
    BASE_NOISE: 0.05
    COLLISIONS:
      TYPE: Collisions
    COMPASS_SENSOR:
      TYPE: CompassSensor
    COMPOSITE_BAD_CALLED_TERMINATE:
      TYPE: CompositeBadCalledTerminate
    COMPOSITE_NODE_IDX:
      TYPE: CompositeNodeIdx
    COMPOSITE_REWARD:
      STAGE_COMPLETE_REWARD: 10.0
      SUCCESS_REWARD: 10.0
      TYPE: CompositeReward
    COMPOSITE_SUCCESS:
      TYPE: CompositeSuccess
    CONSTRAINT_VIOLATION_ENDS_EPISODE: True
    CORRECT_ANSWER:
      TYPE: CorrectAnswer
    COSTMAP_SENSOR:
      GRID_RES: 0.2
      HFOV: 79.0
      MAX_COST: 30.0
      MAX_DEPTH: 5.0
      MIN_DEPTH: 0.5
      NORMALIZE_DEPTH: True
      OUT_HEIGHT: 32
      OUT_WIDTH: 32
      SENSOR_HEIGHT: 0.88
      TYPE: CostmapSensor
    COUNT_OBJ_COLLISIONS: True
    COUNT_ROBOT_OBJ_COLLS: False
    DEBUG_GOAL_POINT: True
    DEBUG_SKIP_TO_NODE: -1
    DEMONSTRATION_SENSOR:
      TYPE: DemonstrationSensor
    DEMONSTRATION_SENSOR_UUID: next_actions
    DESIRED_RESTING_POSITION: []
    DID_PICK_OBJECT:
      TYPE: DidPickObjectMeasure
    DID_VIOLATE_HOLD_CONSTRAINT:
      TYPE: DidViolateHoldConstraintMeasure
    DISTANCE_TO_GOAL:
      DISTANCE_TO: VIEW_POINTS
      TYPE: DistanceToGoal
    DIST_TO_GOAL:
      TYPE: DistToGoal
    DIST_TO_NAV_GOAL:
      TYPE: DistToNavGoalSensor
    DOES_WANT_TERMINATE:
      TYPE: DoesWantTerminate
    EASY_INIT: False
    EE_DIST_TO_MARKER:
      TYPE: EndEffectorDistToMarker
    EE_EXCLUDE_REGION: 0.0
    EE_SAMPLE_FACTOR: 0.2
    END_EFFECTOR_SENSOR:
      TYPE: EEPositionSensor
    END_EFFECTOR_TO_OBJECT_DISTANCE:
      TYPE: EndEffectorToObjectDistance
    END_EFFECTOR_TO_REST_DISTANCE:
      TYPE: EndEffectorToRestDistance
    END_ON_SUCCESS: False
    EPISODE_INFO:
      TYPE: EpisodeInfo
    FILTER_NAV_TO_TASKS: []
    FORCE_REGENERATE: False
    FORCE_TERMINATE:
      MAX_ACCUM_FORCE: -1.0
      TYPE: ForceTerminate
    GOAL_SENSOR:
      DIMENSIONALITY: 3
      GOAL_FORMAT: CARTESIAN
      TYPE: GoalSensor
    GOAL_SENSOR_UUID: objectgoal
    GPS_SENSOR:
      DIMENSIONALITY: 2
      TYPE: GPSSensor
    HEADING_SENSOR:
      TYPE: HeadingSensor
    IMAGEGOAL_SENSOR:
      TYPE: ImageGoalSensor
    INFLECTION_WEIGHT_SENSOR:
      INFLECTION_COEF: 1.695062344794965
      TYPE: InflectionWeightSensor
    INFLECTION_WEIGHT_SENSOR_UUID: inflection_weight
    INSTRUCTION_SENSOR:
      TYPE: InstructionSensor
    INSTRUCTION_SENSOR_UUID: instruction
    IS_HOLDING_SENSOR:
      TYPE: IsHoldingSensor
    JOINT_MAX_IMPULSE: -1.0
    JOINT_SENSOR:
      DIMENSIONALITY: 7
      TYPE: JointSensor
    JOINT_VELOCITY_SENSOR:
      DIMENSIONALITY: 7
      TYPE: JointVelocitySensor
    LIMIT_TASK_LEN_SCALING: 0.0
    LIMIT_TASK_NODE: -1
    LOCALIZATION_SENSOR:
      TYPE: LocalizationSensor
    MARKER_REL_POS_SENSOR:
      TYPE: MarkerRelPosSensor
    MAX_COLLISIONS: -1.0
    MEASUREMENTS: ['DISTANCE_TO_GOAL', 'SUCCESS', 'SPL', 'SOFT_SPL', 'SPARSE_REWARD']
    MOVE_OBJECTS_REWARD:
      CONSTRAINT_VIOLATE_PEN: 10.0
      DIST_REWARD: 1.0
      FORCE_END_PEN: 10.0
      FORCE_PEN: 0.001
      MAX_FORCE_PEN: 1.0
      PICK_REWARD: 1.0
      SINGLE_REARRANGE_REWARD: 1.0
      SUCCESS_DIST: 0.15
      TYPE: MoveObjectsReward
    MUST_LOOK_AT_TARG: True
    NAV_GOAL_SENSOR:
      TYPE: NavGoalSensor
    NAV_TO_POS_SUCC:
      SUCCESS_DISTANCE: 0.2
      TYPE: NavToPosSucc
    NAV_TO_SKILL_SENSOR:
      NUM_SKILLS: 8
      TYPE: NavToSkillSensor
    NUM_STEPS:
      TYPE: NumStepsMeasure
    OBJECTGOAL_SENSOR:
      GOAL_SPEC: TASK_CATEGORY_ID
      GOAL_SPEC_MAX_VAL: 50
      TYPE: ObjectGoalSensor
    OBJECT_IN_HAND_SAMPLE_PROB: 0.167
    OBJECT_SENSOR:
      DIMENSIONALITY: 3
      GOAL_FORMAT: CARTESIAN
      TYPE: TargetCurrentSensor
    OBJECT_TO_GOAL_DISTANCE:
      TYPE: ObjectToGoalDistance
    OBJ_AT_GOAL:
      SUCC_THRESH: 0.15
      TYPE: ObjAtGoal
    OBJ_SUCC_THRESH: 0.3
    ORACLE_NAV_ACTION_SENSOR:
      TYPE: OracleNavigationActionSensor
    PDDL_DOMAIN_DEF: configs/tasks/rearrange/pddl/replica_cad_domain.yaml
    PICK_REWARD:
      COLLISION_PENALTY: 0.0
      COLL_PEN: 1.0
      CONSTRAINT_VIOLATE_PEN: 10.0
      DIST_REWARD: 20.0
      DROP_OBJ_SHOULD_END: False
      DROP_PEN: 5.0
      FORCE_END_PEN: 10.0
      FORCE_PEN: 0.001
      MAX_ACCUM_FORCE: 5000.0
      MAX_FORCE_PEN: 1.0
      PICK_REWARD: 20.0
      ROBOT_OBJ_COLLISION_PENALTY: 0.0
      ROBOT_OBJ_COLL_PEN: 0.0
      SUCC_REWARD: 10.0
      TYPE: RearrangePickReward
      USE_DIFF: True
      WRONG_PICK_PEN: 5.0
      WRONG_PICK_SHOULD_END: False
    PICK_SUCCESS:
      EE_RESTING_SUCCESS_THRESHOLD: 0.15
      TYPE: RearrangePickSuccess
    PLACE_REWARD:
      CONSTRAINT_VIOLATE_PEN: 10.0
      DIST_REWARD: 20.0
      DROP_PEN: 5.0
      FORCE_END_PEN: 10.0
      FORCE_PEN: 0.001
      MAX_FORCE_PEN: 1.0
      PLACE_REWARD: 20.0
      SUCC_REWARD: 10.0
      TYPE: PlaceReward
      USE_DIFF: True
      WRONG_DROP_SHOULD_END: False
    PLACE_SUCCESS:
      EE_RESTING_SUCCESS_THRESHOLD: 0.15
      TYPE: PlaceSuccess
    POINTGOAL_SENSOR:
      DIMENSIONALITY: 2
      GOAL_FORMAT: POLAR
      TYPE: PointGoalSensor
    POINTGOAL_WITH_GPS_COMPASS_SENSOR:
      DIMENSIONALITY: 2
      GOAL_FORMAT: POLAR
      TYPE: PointGoalWithGPSCompassSensor
    POSSIBLE_ACTIONS: ['STOP', 'MOVE_FORWARD', 'TURN_LEFT', 'TURN_RIGHT', 'LOOK_UP', 'LOOK_DOWN']
    PROXIMITY_SENSOR:
      MAX_DETECTION_RADIUS: 2.0
      TYPE: ProximitySensor
    QUESTION_SENSOR:
      TYPE: QuestionSensor
    REARRANGE_NAV_TO_OBJ_REWARD:
      ANGLE_DIST_REWARD: 1.0
      CONSTRAINT_VIOLATE_PEN: 10.0
      DIST_REWARD: 10.0
      FORCE_END_PEN: 10.0
      FORCE_PEN: 0.0
      MAX_FORCE_PEN: 1.0
      SHOULD_REWARD_TURN: True
      TURN_REWARD_DIST: 0.1
      TYPE: NavToObjReward
    REARRANGE_NAV_TO_OBJ_SUCCESS:
      HEURISTIC_STOP: False
      MUST_CALL_STOP: True
      MUST_LOOK_AT_TARG: True
      SUCCESS_ANGLE_DIST: 0.15
      TYPE: NavToObjSuccess
    REARRANGE_REACH_REWARD:
      DIFF_REWARD: True
      SCALE: 1.0
      SPARSE_REWARD: False
      TYPE: RearrangeReachReward
    REARRANGE_REACH_SUCCESS:
      SUCC_THRESH: 0.2
      TYPE: RearrangeReachSuccess
    RELATIVE_RESTING_POS_SENSOR:
      TYPE: RelativeRestingPositionSensor
    RENDER_TARGET: True
    RESTING_POS_SENSOR:
      TYPE: RestingPositionSensor
    REWARD_MEASURE: distance_to_goal
    REWARD_MEASUREMENT: 
    ROBOT_COLLS:
      TYPE: RobotCollisions
    ROBOT_FORCE:
      MIN_FORCE: 20.0
      TYPE: RobotForce
    ROT_DIST_TO_GOAL:
      TYPE: RotDistToGoal
    SENSORS: ['OBJECTGOAL_SENSOR', 'COMPASS_SENSOR', 'GPS_SENSOR', 'COSTMAP_SENSOR', 'DEMONSTRATION_SENSOR', 'INFLECTION_WEIGHT_SENSOR', 'DEMONSTRATION_SENSOR', 'INFLECTION_WEIGHT_SENSOR', 'DEMONSTRATION_SENSOR', 'INFLECTION_WEIGHT_SENSOR', 'DEMONSTRATION_SENSOR', 'INFLECTION_WEIGHT_SENSOR', 'DEMONSTRATION_SENSOR', 'INFLECTION_WEIGHT_SENSOR', 'DEMONSTRATION_SENSOR', 'INFLECTION_WEIGHT_SENSOR']
    SETTLE_STEPS: 5
    SHOULD_ENFORCE_TARGET_WITHIN_REACH: False
    SHOULD_SAVE_TO_CACHE: True
    SIMPLE_REWARD:
      ANGLE_SUCCESS_REWARD: 2.5
      ATG_REWARD_DISTANCE: 1.0
      SLACK_PENALTY: -0.01
      SUCCESS_REWARD: 2.5
      TYPE: SimpleReward
      USE_ATG_FIX: True
      USE_ATG_REWARD: True
      USE_DTG_REWARD: True
    SINGLE_EVAL_NODE: -1
    SKIP_NODES: ['move_obj']
    SLACK_REWARD: -0.01
    SOFT_SPL:
      TYPE: SoftSPL
    SPARSE_REWARD:
      SUCCESS_REWARD: 2.5
      TYPE: SparseReward
    SPAWN_REGION_SCALE: 0.2
    SPL:
      TYPE: SPL
    SUCCESS:
      SUCCESS_DISTANCE: 0.1
      TYPE: Success
    SUCCESS_DISTANCE: 0.1
    SUCCESS_MEASURE: success
    SUCCESS_MEASUREMENT: 
    SUCCESS_REWARD: 2.5
    SUCCESS_STATE: 0.0
    TARGET_GOAL_GPS_COMPASS_SENSOR:
      TYPE: TargetGoalGpsCompassSensor
    TARGET_START_GPS_COMPASS_SENSOR:
      TYPE: TargetStartGpsCompassSensor
    TARGET_START_POINT_GOAL_SENSOR:
      TYPE: TargetOrGoalStartPointGoalSensor
    TARGET_START_SENSOR:
      DIMENSIONALITY: 3
      GOAL_FORMAT: CARTESIAN
      TYPE: TargetStartSensor
    TASK_SPEC: nav_pick
    TASK_SPEC_BASE_PATH: configs/tasks/rearrange/pddl/
    TOP_DOWN_MAP:
      DRAW_BORDER: True
      DRAW_GOAL_AABBS: True
      DRAW_GOAL_POSITIONS: True
      DRAW_SHORTEST_PATH: True
      DRAW_SOURCE: True
      DRAW_VIEW_POINTS: True
      FOG_OF_WAR:
        DRAW: True
        FOV: 90
        VISIBILITY_DIST: 5.0
      MAP_PADDING: 3
      MAP_RESOLUTION: 1024
      MAX_EPISODE_STEPS: 1000
      TYPE: TopDownMap
    TYPE: ObjectNav-v2
    USE_MARKER_T: True
    USING_SUBTASKS: False
TENSORBOARD_DIR: tb/il_costmap_2ch_sp
TEST_EPISODE_COUNT: -1
TORCH_GPU_ID: 0
TOTAL_NUM_STEPS: -1.0
TRAINER_NAME: pirlnav-il
VERBOSE: True
VIDEO_DIR: video_dir
VIDEO_FPS: 10
VIDEO_OPTION: []
VIDEO_RENDER_ALL_INFO: False
VIDEO_RENDER_TOP_DOWN: True
WB:
  ENTITY: 
  GROUP: 
  PROJECT_NAME: pirlnav-baseline
  RUN_NAME: il_costmap_2ch_sp
WRITER_TYPE: wb
2026-07-19 07:58:53,458 Initializing dataset ObjectNav-v2
Gym has been unmaintained since 2022 and does not support NumPy 2.0 amongst other critical functionality.
Please upgrade to Gymnasium, the maintained drop-in replacement of Gym, or contact the authors of your software and request that they upgrade.
See the migration guide at https://gymnasium.farama.org/introduction/migration_guide/ for additional information.
2026-07-19 07:58:55,926 Initializing dataset ObjectNav-v2
Gym has been unmaintained since 2022 and does not support NumPy 2.0 amongst other critical functionality.
Please upgrade to Gymnasium, the maintained drop-in replacement of Gym, or contact the authors of your software and request that they upgrade.
See the migration guide at https://gymnasium.farama.org/introduction/migration_guide/ for additional information.
2026-07-19 07:58:55,938 Initializing dataset ObjectNav-v2
Gym has been unmaintained since 2022 and does not support NumPy 2.0 amongst other critical functionality.
Please upgrade to Gymnasium, the maintained drop-in replacement of Gym, or contact the authors of your software and request that they upgrade.
See the migration guide at https://gymnasium.farama.org/introduction/migration_guide/ for additional information.
2026-07-19 07:58:55,955 Initializing dataset ObjectNav-v2
Gym has been unmaintained since 2022 and does not support NumPy 2.0 amongst other critical functionality.
Please upgrade to Gymnasium, the maintained drop-in replacement of Gym, or contact the authors of your software and request that they upgrade.
See the migration guide at https://gymnasium.farama.org/introduction/migration_guide/ for additional information.
2026-07-19 07:58:55,969 Initializing dataset ObjectNav-v2
Gym has been unmaintained since 2022 and does not support NumPy 2.0 amongst other critical functionality.
Please upgrade to Gymnasium, the maintained drop-in replacement of Gym, or contact the authors of your software and request that they upgrade.
See the migration guide at https://gymnasium.farama.org/introduction/migration_guide/ for additional information.
2026-07-19 07:58:55,984 Initializing dataset ObjectNav-v2
Gym has been unmaintained since 2022 and does not support NumPy 2.0 amongst other critical functionality.
Please upgrade to Gymnasium, the maintained drop-in replacement of Gym, or contact the authors of your software and request that they upgrade.
See the migration guide at https://gymnasium.farama.org/introduction/migration_guide/ for additional information.
2026-07-19 07:58:56,022 Initializing dataset ObjectNav-v2
Gym has been unmaintained since 2022 and does not support NumPy 2.0 amongst other critical functionality.
Please upgrade to Gymnasium, the maintained drop-in replacement of Gym, or contact the authors of your software and request that they upgrade.
See the migration guide at https://gymnasium.farama.org/introduction/migration_guide/ for additional information.
2026-07-19 07:58:56,041 Initializing dataset ObjectNav-v2
Gym has been unmaintained since 2022 and does not support NumPy 2.0 amongst other critical functionality.
Please upgrade to Gymnasium, the maintained drop-in replacement of Gym, or contact the authors of your software and request that they upgrade.
See the migration guide at https://gymnasium.farama.org/introduction/migration_guide/ for additional information.
2026-07-19 07:58:56,043 Initializing dataset ObjectNav-v2
Gym has been unmaintained since 2022 and does not support NumPy 2.0 amongst other critical functionality.
Please upgrade to Gymnasium, the maintained drop-in replacement of Gym, or contact the authors of your software and request that they upgrade.
See the migration guide at https://gymnasium.farama.org/introduction/migration_guide/ for additional information.
2026-07-19 07:58:56,046 Initializing dataset ObjectNav-v2
Gym has been unmaintained since 2022 and does not support NumPy 2.0 amongst other critical functionality.
Please upgrade to Gymnasium, the maintained drop-in replacement of Gym, or contact the authors of your software and request that they upgrade.
See the migration guide at https://gymnasium.farama.org/introduction/migration_guide/ for additional information.
2026-07-19 07:58:56,048 Initializing dataset ObjectNav-v2
2026-07-19 07:58:57,869 initializing sim Sim-v0
2026-07-19 07:58:57,919 initializing sim Sim-v0
2026-07-19 07:58:57,935 initializing sim Sim-v0
2026-07-19 07:58:57,954 initializing sim Sim-v0
2026-07-19 07:58:57,979 initializing sim Sim-v0
2026-07-19 07:58:58,030 initializing sim Sim-v0
2026-07-19 07:58:58,181 initializing sim Sim-v0
2026-07-19 07:58:58,226 initializing sim Sim-v0
2026-07-19 07:58:58,229 initializing sim Sim-v0
2026-07-19 07:58:58,267 initializing sim Sim-v0
2026-07-19 07:58:59,636 Initializing task ObjectNav-v2
2026-07-19 07:58:59,793 Initializing task ObjectNav-v2
2026-07-19 07:59:00,147 Initializing task ObjectNav-v2
2026-07-19 07:59:00,154 Initializing task ObjectNav-v2
2026-07-19 07:59:00,356 Initializing task ObjectNav-v2
2026-07-19 07:59:00,460 Initializing task ObjectNav-v2
2026-07-19 07:59:00,629 Initializing task ObjectNav-v2
2026-07-19 07:59:00,696 Initializing task ObjectNav-v2
2026-07-19 07:59:00,716 Initializing task ObjectNav-v2
2026-07-19 07:59:01,045 Initializing task ObjectNav-v2
2026-07-19 07:59:01,387 Costmap encoder is resnet50
2026-07-19 07:59:01,387 Object categories: 6
2026-07-19 07:59:01,387 

Setting up Object Goal sensor
2026-07-19 07:59:01,387 State enc: 576 - 2048 - GRU - 2
2026-07-19 07:59:20,213 Visual Encoder params: 159
2026-07-19 07:59:20,213 Other params: 17
2026-07-19 07:59:20,479 agent number of parameters: 48560102
2026-07-19 07:59:20,762 Loading resume state: data/new_checkpoints/il_costmap_2ch_sp/.habitat-resume-state.pth
wandb: Using wandb-core as the SDK backend.  Please refer to https://wandb.me/wandb-core for more information.
wandb: Currently logged in as: jaiswalkhushi2911 (jaiswalkhushi2911-coep-technological-university-). Use `wandb login --relogin` to force relogin
wandb: Tracking run with wandb version 0.18.7
wandb: Run data is saved locally in /root/pirlnav/wandb/run-20260719_075922-dpd4lmvs
wandb: Run `wandb offline` to turn off syncing.
wandb: Syncing run il_costmap_2ch_sp
wandb: ⭐️ View project at https://wandb.ai/jaiswalkhushi2911-coep-technological-university-/pirlnav-baseline
wandb: 🚀 View run at https://wandb.ai/jaiswalkhushi2911-coep-technological-university-/pirlnav-baseline/runs/dpd4lmvs
/root/pirlnav/habitat-lab/habitat_baselines/rl/models/rnn_state_encoder.py:142: UserWarning: __floordiv__ is deprecated, and its behavior will change in a future version of pytorch. It currently rounds toward 0 (like the 'trunc' function NOT 'floor'). This results in incorrect rounding for negative values. To keep the current behavior, use torch.div(a, b, rounding_mode='trunc'), or for actual floor division, use torch.div(a, b, rounding_mode='floor').
  (episode_starts + (lengths - 1) * N) // N
2026-07-19 07:59:29,770 update: 5200	fps: 126.689	
2026-07-19 07:59:29,771 update: 5200	env-time: 8942.143s	pth-time: 3819.329s	frames: 1664000
2026-07-19 07:59:29,771 Average window size: 50  distance_to_goal: 0.047  reward: 1.000  softspl: 0.938  sparse_reward: 2.500  spl: 0.946  success: 1.000  action_accuracy: 0.691  action_ce_loss: 0.729  action_loss: 0.729  entropy: 0.831  top_1_action_accuracy: 0.691  top_3_action_accuracy: 0.984
2026-07-19 08:00:43,259 update: 5250	fps: 127.196	
2026-07-19 08:00:43,260 update: 5250	env-time: 8977.157s	pth-time: 3855.552s	frames: 1680000
2026-07-19 08:00:43,260 Average window size: 50  distance_to_goal: 0.047  reward: 1.000  softspl: 0.934  sparse_reward: 2.500  spl: 0.946  success: 1.000  action_accuracy: 0.675  action_ce_loss: 0.750  action_loss: 0.750  entropy: 0.736  top_1_action_accuracy: 0.675  top_3_action_accuracy: 0.984
2026-07-19 08:02:00,391 update: 5300	fps: 127.661	
2026-07-19 08:02:00,391 update: 5300	env-time: 9013.429s	pth-time: 3891.942s	frames: 1696000
2026-07-19 08:02:00,391 Average window size: 50  distance_to_goal: 0.048  reward: 1.000  softspl: 0.940  sparse_reward: 2.500  spl: 0.949  success: 1.000  action_accuracy: 0.625  action_ce_loss: 0.812  action_loss: 0.812  entropy: 0.750  top_1_action_accuracy: 0.625  top_3_action_accuracy: 0.984
2026-07-19 08:03:10,643 update: 5350	fps: 128.188	
2026-07-19 08:03:10,644 update: 5350	env-time: 9045.315s	pth-time: 3928.185s	frames: 1712000
2026-07-19 08:03:10,644 Average window size: 50  distance_to_goal: 0.046  reward: 1.000  softspl: 0.933  sparse_reward: 2.500  spl: 0.948  success: 1.000  action_accuracy: 0.678  action_ce_loss: 0.736  action_loss: 0.736  entropy: 0.810  top_1_action_accuracy: 0.678  top_3_action_accuracy: 0.981
wandb:                                                                                
wandb: 
wandb: Run history:
wandb:       losses/action_accuracy ▅▃▃▅▃▇▆▁▅▄▄▄▃▂▅▄▇▃▇▃▁▆▂▁▇▄▆▆▃▃▄▄▁▆▄▃▄█▄▅
wandb:        losses/action_ce_loss ▃▅▃▆▅▄▄▄▅▆▅▇█▂▅▄▅▄▁█▄▄▃▃▃▅▅▆▃▁▃▄▄▆▃▃▄▃▅▄
wandb:           losses/action_loss ▇▆▃█▇▃▄▆▇▁▆▄▄▆▇▆▅▅▄▅▇▆▅▄▆▄█▁▅▄▃▄▄▄▃▃▇▅▄▂
wandb:               losses/entropy ▃▃▃▂▁▃▄▁▂▂▁▃▂▄▂▃▂▂▃▃▂▂▁▂▃▅▆█▇▇▆▇▇▅▇▆▆▆▆▆
wandb: losses/top_1_action_accuracy ▅▄▅▄▇▆▁▃▅▅▄▄▃▄▃▆▅▄▂▂▅▆▆█▄█▆▇▇▃▆▄▇▅▄█▆▃▅▇
wandb: losses/top_3_action_accuracy ▅▄▄▅▄█▄▄▇▆▇▄█▄▄▆▄▅▃▄▂▅▇▆▄▄▂▁▅▇▄▃▃▅▄▆▅█▃▄
wandb:     metrics/distance_to_goal ▄▃▄▃▃▃▂▃▃▂▂▂▃▁▂▃▄▅▆▆▆█▇███▇▇▆▆▇██▅▅▃▃▂▆▅
wandb:                  metrics/fps ▁▁▁▂▂▂▃▃▃▃▃▃▄▄▄▄▄▄▄▄▅▅▅▅▅▅▅▅▆▆▆▆▆▇▇▇▇▇██
wandb:              metrics/softspl ▅▅▄▄▅▄▃▁▁▁▂▃▃▃▂▃▃▆██▇▇▄▄▄▃▃▃▃▃▂▂▂▁▁▁▄▄▄▄
wandb:        metrics/sparse_reward ▁▁▁▁▁▁▁▁▁▁▁▁▁▁▁▁▁▁▁▁▁▁▁▁▁▁▁▁▁▁▁▁▁▁▁▁▁▁▁▁
wandb:                  metrics/spl ▃▂▂▂▂▂▂▃▃▄▅▄▄▄▅▅▅▅▅▇█▇▇▇▇▆▆▇▆██▇▆▆▅▅▅▅▃▁
wandb:              metrics/success ▁▁▁▁▁▁▁▁▁▁▁▁▁▁▁▁▁▁▁▁▁▁▁▁▁▁▁▁▁▁▁▁▁▁▁▁▁▁▁▁
wandb:                       reward ▁▁▁▁▁▁▁▁▁▁▁▁▁▁▁▁▁▁▁▁▁▁▁▁▁▁▁▁▁▁▁▁▁▁▁▁▁▁▁▁
wandb: 
wandb: Run summary:
wandb:       losses/action_accuracy 0.73438
wandb:        losses/action_ce_loss 0.69915
wandb:           losses/action_loss 0.69915
wandb:               losses/entropy 0.79589
wandb: losses/top_1_action_accuracy 0.73438
wandb: losses/top_3_action_accuracy 0.98438
wandb:     metrics/distance_to_goal 0.04605
wandb:                  metrics/fps 128.43377
wandb:              metrics/softspl 0.93389
wandb:        metrics/sparse_reward 2.5
wandb:                  metrics/spl 0.94355
wandb:              metrics/success 1
wandb:                       reward 1
wandb: 
wandb: 🚀 View run il_costmap_2ch_sp at: https://wandb.ai/jaiswalkhushi2911-coep-technological-university-/pirlnav-baseline/runs/dpd4lmvs
wandb: ⭐️ View project at: https://wandb.ai/jaiswalkhushi2911-coep-technological-university-/pirlnav-baseline
wandb: Synced 5 W&B file(s), 0 media file(s), 0 artifact file(s) and 0 other file(s)
wandb: Find logs at: ./wandb/run-20260719_075922-dpd4lmvs/logs
Traceback (most recent call last):
  File "/root/miniconda3/envs/pirlnav/lib/python3.7/runpy.py", line 193, in _run_module_as_main
    "__main__", mod_spec)
  File "/root/miniconda3/envs/pirlnav/lib/python3.7/runpy.py", line 85, in _run_code
    exec(code, run_globals)
  File "/root/pirlnav/run.py", line 94, in <module>
    main()
  File "/root/pirlnav/run.py", line 42, in main
    run_exp(**vars(args))
  File "/root/pirlnav/run.py", line 90, in run_exp
    execute_exp(config, run_type)
  File "/root/pirlnav/run.py", line 73, in execute_exp
    trainer.train()
  File "/root/miniconda3/envs/pirlnav/lib/python3.7/contextlib.py", line 74, in inner
    return func(*args, **kwds)
  File "/root/pirlnav/pirlnav/il_trainer.py", line 450, in train
    ) = self._update_agent()
  File "/root/miniconda3/envs/pirlnav/lib/python3.7/contextlib.py", line 74, in inner
    return func(*args, **kwds)
  File "/root/pirlnav/pirlnav/il_trainer.py", line 303, in _update_agent
    self.rollouts, accumulate_gradients, num_accum_steps
  File "/root/pirlnav/pirlnav/algos/agent.py", line 141, in update
    total_loss.backward()
  File "/root/miniconda3/envs/pirlnav/lib/python3.7/site-packages/torch/_tensor.py", line 396, in backward
    torch.autograd.backward(self, gradient, retain_graph, create_graph, inputs=inputs)
  File "/root/miniconda3/envs/pirlnav/lib/python3.7/site-packages/torch/autograd/__init__.py", line 175, in backward
    allow_unreachable=True, accumulate_grad=True)  # Calls into the C++ engine to run the backward pass
RuntimeError: CUDA error: unspecified launch failure
CUDA kernel errors might be asynchronously reported at some other API call,so the stacktrace below might be incorrect.
For debugging consider passing CUDA_LAUNCH_BLOCKING=1.
===== attempt 2 ended @ 08:04:54: update 5250 -> 5350 in 364s =====
===== RESILIENT ATTEMPT 3 @ 08:04:59 from update ~5350 =====
Gym has been unmaintained since 2022 and does not support NumPy 2.0 amongst other critical functionality.
Please upgrade to Gymnasium, the maintained drop-in replacement of Gym, or contact the authors of your software and request that they upgrade.
See the migration guide at https://gymnasium.farama.org/introduction/migration_guide/ for additional information.
2026-07-19 08:05:01,425 Using a generated random seed 1663580
2026-07-19 08:05:01,865 Loading resume state: data/new_checkpoints/il_costmap_2ch_sp/.habitat-resume-state.pth
2026-07-19 08:05:02,522 Initialized DD-PPO with 1 workers
2026-07-19 08:05:02,526 config: BASE_TASK_CONFIG_PATH: configs/tasks/objectnav_hm3d_costmap.yaml
CHECKPOINT_FOLDER: data/new_checkpoints/il_costmap_2ch_sp
CHECKPOINT_INTERVAL: -1
CMD_TRAILING_OPTS: ['TASK_CONFIG.ENVIRONMENT.ITERATOR_OPTIONS.MAX_SCENE_REPEAT_STEPS', '50000', 'IL.BehaviorCloning.lr', '0.0005', 'IL.BehaviorCloning.encoder_lr', '0.0005', 'IL.BehaviorCloning.max_grad_norm', '0.1', 'TENSORBOARD_DIR', 'tb/il_costmap_2ch_sp', 'CHECKPOINT_FOLDER', 'data/new_checkpoints/il_costmap_2ch_sp', 'NUM_UPDATES', '25000', 'NUM_ENVIRONMENTS', '10', 'NUM_ACCUM_STEPS', '51', 'IL.BehaviorCloning.num_steps', '32', 'IL.BehaviorCloning.num_mini_batch', '5', 'NUM_CHECKPOINTS', '10', 'LOG_INTERVAL', '50', 'WRITER_TYPE', 'wb', 'WB.PROJECT_NAME', 'pirlnav-baseline', 'WB.RUN_NAME', 'il_costmap_2ch_sp', 'RL.DDPPO.force_distributed', 'True', 'POLICY.COSTMAP_ENCODER.normalize_visual_inputs', 'False', 'TASK_CONFIG.ENVIRONMENT.ITERATOR_OPTIONS.MAX_SCENE_REPEAT_STEPS', '10000', 'TASK_CONFIG.TASK.COSTMAP_SENSOR.OUT_HEIGHT', '32', 'TASK_CONFIG.TASK.COSTMAP_SENSOR.OUT_WIDTH', '32', 'TASK_CONFIG.DATASET.DATA_PATH', 'data/datasets/objectnav/objectnav_hm3d_sp_gen/{split}/{split}.json.gz', 'TASK_CONFIG.TASK.INFLECTION_WEIGHT_SENSOR.INFLECTION_COEF', '1.695062344794965']
ENV_NAME: SimpleRLEnv
EVAL:
  DATASET_TYPE: ObjectNav-v1
  EVAL_FREQ: 5
  SHOULD_LOAD_CKPT: True
  SPLIT: val
  USE_CKPT_CONFIG: True
EVAL_CKPT_PATH_DIR: data/new_checkpoints
EVAL_KEYS_TO_INCLUDE_IN_NAME: []
FORCE_BLIND_POLICY: False
FORCE_TORCH_SINGLE_THREADED: True
IL:
  BehaviorCloning:
    clip_param: 0.2
    encoder_lr: 0.0005
    entropy_coef: 0.0
    eps: 1e-05
    hidden_size: 2048
    lr: 0.0005
    max_grad_norm: 0.1
    num_mini_batch: 5
    num_steps: 32
    reward_window_size: 50
    sync_frac: 0.6
    use_double_buffered_sampler: False
    use_linear_clip_decay: False
    use_linear_lr_decay: True
    wd: 0.0
  POLICY:
    USE_IW: True
    distrib_backend: NCCL
    name: ObjectNavILCostmapPolicy
LOG_FILE: data/train.log
LOG_INTERVAL: 50
NUM_ACCUM_STEPS: 51
NUM_CHECKPOINTS: 10
NUM_ENVIRONMENTS: 10
NUM_PROCESSES: -1
NUM_UPDATES: 25000
ORBSLAM2:
  ANGLE_TH: 0.2617993877991494
  BETA: 100
  CAMERA_HEIGHT: 1.25
  DEPTH_DENORM: 10.0
  DIST_REACHED_TH: 0.15
  DIST_TO_STOP: 0.05
  D_OBSTACLE_MAX: 4.0
  D_OBSTACLE_MIN: 0.1
  H_OBSTACLE_MAX: 1.25
  H_OBSTACLE_MIN: 0.375
  MAP_CELL_SIZE: 0.1
  MAP_SIZE: 40
  MIN_PTS_IN_OBSTACLE: 320.0
  NEXT_WAYPOINT_TH: 0.5
  NUM_ACTIONS: 3
  PLANNER_MAX_STEPS: 500
  PREPROCESS_MAP: True
  SLAM_SETTINGS_PATH: habitat_baselines/slambased/data/mp3d3_small1k.yaml
  SLAM_VOCAB_PATH: habitat_baselines/slambased/data/ORBvoc.txt
POLICY:
  COSTMAP_ENCODER:
    avgpooled_image: False
    backbone: resnet50
    drop_path_rate: 0.0
    hidden_size: 512
    image_size: 256
    max_cost: 30.0
    normalize_visual_inputs: False
    resnet_baseplanes: 32
  CRITIC:
    hidden_dim: 512
    mlp_critic: False
    no_critic: True
  RGB_ENCODER:
    augmentations_name: jitter+shift
    avgpooled_image: False
    backbone: resnet50
    drop_path_rate: 0.0
    freeze_backbone: False
    hidden_size: 512
    image_size: 256
    normalize_visual_inputs: False
    pretrained_encoder: None
    randomize_augmentations_over_envs: False
    resnet_baseplanes: 32
    use_augmentations: True
    use_augmentations_test_time: True
    vit_global_pool: False
    vit_mask_ratio: None
    vit_use_cls: False
    vit_use_fc_norm: False
  SEQ2SEQ:
    use_prev_action: True
  STATE_ENCODER:
    hidden_size: 2048
    num_recurrent_layers: 2
    rnn_type: GRU
PROFILING:
  CAPTURE_START_STEP: -1
  NUM_STEPS_TO_CAPTURE: -1
RL:
  DDPPO:
    backbone: resnet18
    distrib_backend: GLOO
    force_distributed: True
    num_recurrent_layers: 1
    pretrained: False
    pretrained_encoder: False
    pretrained_weights: data/ddppo-models/gibson-2plus-resnet50.pth
    reset_critic: True
    rnn_type: GRU
    sync_frac: 0.6
    train_encoder: True
  Finetune:
    finetune: True
    freeze_encoders: True
    lr: 1.5e-05
    start_actor_update_at: 100
    start_actor_warmup_at: 50
    start_critic_update_at: 80
    start_critic_warmup_at: 20
  POLICY:
    ACTION_DIST:
      action_activation: tanh
      clamp_std: True
      max_log_std: 2
      max_std: 1
      min_log_std: -5
      min_std: 1e-06
      use_log_std: True
      use_softplus: False
      use_std_param: False
    OBS_TRANSFORMS:
      CENTER_CROPPER:
        HEIGHT: 256
        WIDTH: 256
      CUBE2EQ:
        HEIGHT: 256
        SENSOR_UUIDS: []
        WIDTH: 512
      CUBE2FISH:
        FOV: 180
        HEIGHT: 256
        PARAMS: (0.2, 0.2, 0.2)
        SENSOR_UUIDS: []
        WIDTH: 256
      ENABLED_TRANSFORMS: ()
      EQ2CUBE:
        HEIGHT: 256
        SENSOR_UUIDS: []
        WIDTH: 256
      RESIZE_SHORTEST_EDGE:
        SIZE: 256
    action_distribution_type: categorical
    name: ObjectNavILMAEPolicy
  PPO:
    clip_param: 0.2
    entropy_coef: 0.01
    eps: 1e-05
    gamma: 0.99
    hidden_size: 2048
    lr: 0.00025
    max_grad_norm: 0.5
    num_mini_batch: 2
    num_steps: 5
    ppo_epoch: 4
    reward_window_size: 50
    tau: 0.95
    use_double_buffered_sampler: False
    use_gae: True
    use_linear_clip_decay: False
    use_linear_lr_decay: True
    use_normalized_advantage: False
    value_loss_coef: 0.5
  SLACK_REWARD: -0.001
  SUCCESS_REWARD: 2.5
  preemption:
    append_slurm_job_id: False
    save_resume_state_interval: 100
    save_state_batch_only: False
RUN_TYPE: train
SENSORS: ['DEPTH_SENSOR']
SIMULATOR_GPU_ID: 3
TASK_CONFIG:
  DATASET:
    CONTENT_SCENES: ['*']
    DATA_PATH: data/datasets/objectnav/objectnav_hm3d_sp_gen/{split}/{split}.json.gz
    MAX_EPISODE_STEPS: 500
    SCENES_DIR: data/scene_datasets/
    SPLIT: train
    TYPE: ObjectNav-v2
  ENVIRONMENT:
    ITERATOR_OPTIONS:
      CYCLE: True
      GROUP_BY_SCENE: True
      MAX_SCENE_REPEAT_EPISODES: -1
      MAX_SCENE_REPEAT_STEPS: 10000
      NUM_EPISODE_SAMPLE: -1
      SHUFFLE: True
      STEP_REPETITION_RANGE: 0.2
    MAX_EPISODE_SECONDS: 10000000
    MAX_EPISODE_STEPS: 500
  GYM:
    ACHIEVED_GOAL_KEYS: []
    ACTION_KEYS: None
    AUTO_NAME: 
    CLASS_NAME: RearrangeRLEnv
    DESIRED_GOAL_KEYS: []
    FIX_INFO_DICT: True
    OBS_KEYS: None
  PYROBOT:
    BASE_CONTROLLER: proportional
    BASE_PLANNER: none
    BUMP_SENSOR:
      TYPE: PyRobotBumpSensor
    DEPTH_SENSOR:
      CENTER_CROP: False
      HEIGHT: 480
      MAX_DEPTH: 5.0
      MIN_DEPTH: 0.0
      NORMALIZE_DEPTH: True
      TYPE: PyRobotDepthSensor
      WIDTH: 640
    LOCOBOT:
      ACTIONS: ['BASE_ACTIONS', 'CAMERA_ACTIONS']
      BASE_ACTIONS: ['go_to_relative', 'go_to_absolute']
      CAMERA_ACTIONS: ['set_pan', 'set_tilt', 'set_pan_tilt']
    RGB_SENSOR:
      CENTER_CROP: False
      HEIGHT: 480
      TYPE: PyRobotRGBSensor
      WIDTH: 640
    ROBOT: locobot
    ROBOTS: ['locobot']
    SENSORS: ['RGB_SENSOR', 'DEPTH_SENSOR', 'BUMP_SENSOR']
  SCENE_DATASET: data/scene_datasets/hm3d/hm3d_annotated_basis.scene_dataset_config.json
  SEED: 34269689
  SIMULATOR:
    ACTION_SPACE_CONFIG: v1
    AC_FREQ_RATIO: 4
    ADDITIONAL_OBJECT_PATHS: []
    AGENTS: ['AGENT_0']
    AGENT_0:
      HEIGHT: 0.88
      IS_SET_START_STATE: False
      RADIUS: 0.18
      SENSORS: ['DEPTH_SENSOR']
      START_POSITION: [0, 0, 0]
      START_ROTATION: [0, 0, 0, 1]
    ARM_DEPTH_SENSOR:
      HEIGHT: 480
      HFOV: 90
      MAX_DEPTH: 10.0
      MIN_DEPTH: 0.0
      NORMALIZE_DEPTH: True
      ORIENTATION: [0.0, 0.0, 0.0]
      POSITION: [0, 1.25, 0]
      SENSOR_SUBTYPE: PINHOLE
      TYPE: HabitatSimDepthSensor
      UUID: robot_arm_depth
      WIDTH: 640
    ARM_REST: [0.6, 0.0, 0.9]
    ARM_RGB_SENSOR:
      HEIGHT: 480
      HFOV: 90
      ORIENTATION: [0.0, 0.0, 0.0]
      POSITION: [0, 1.25, 0]
      SENSOR_SUBTYPE: PINHOLE
      TYPE: HabitatSimRGBSensor
      UUID: robot_arm_rgb
      WIDTH: 640
    AUTO_SLEEP: False
    CONCUR_RENDER: False
    CREATE_RENDERER: False
    CTRL_FREQ: 120.0
    DEBUG_RENDER: False
    DEBUG_RENDER_GOAL: True
    DEFAULT_AGENT_ID: 0
    DEPTH_SENSOR:
      HEIGHT: 480
      HFOV: 79
      MAX_DEPTH: 5.0
      MIN_DEPTH: 0.5
      NORMALIZE_DEPTH: True
      ORIENTATION: [0.0, 0.0, 0.0]
      POSITION: [0, 0.88, 0]
      SENSOR_SUBTYPE: PINHOLE
      TYPE: HabitatSimDepthSensor
      WIDTH: 640
    EE_LINK_NAME: None
    EQUIRECT_DEPTH_SENSOR:
      HEIGHT: 480
      MAX_DEPTH: 10.0
      MIN_DEPTH: 0.0
      NORMALIZE_DEPTH: True
      ORIENTATION: [0.0, 0.0, 0.0]
      POSITION: [0, 1.25, 0]
      TYPE: HabitatSimEquirectangularDepthSensor
      WIDTH: 640
    EQUIRECT_RGB_SENSOR:
      HEIGHT: 480
      ORIENTATION: [0.0, 0.0, 0.0]
      POSITION: [0, 1.25, 0]
      TYPE: HabitatSimEquirectangularRGBSensor
      WIDTH: 640
    EQUIRECT_SEMANTIC_SENSOR:
      HEIGHT: 480
      ORIENTATION: [0.0, 0.0, 0.0]
      POSITION: [0, 1.25, 0]
      TYPE: HabitatSimEquirectangularSemanticSensor
      WIDTH: 640
    FISHEYE_DEPTH_SENSOR:
      ALPHA: 0.57
      FOCAL_LENGTH: [364.84, 364.86]
      HEIGHT: 480
      MAX_DEPTH: 10.0
      MIN_DEPTH: 0.0
      NORMALIZE_DEPTH: True
      ORIENTATION: [0.0, 0.0, 0.0]
      POSITION: [0, 1.25, 0]
      PRINCIPAL_POINT_OFFSET: None
      SENSOR_MODEL_TYPE: DOUBLE_SPHERE
      TYPE: HabitatSimFisheyeDepthSensor
      WIDTH: 640
      XI: -0.27
    FISHEYE_RGB_SENSOR:
      ALPHA: 0.57
      FOCAL_LENGTH: [364.84, 364.86]
      HEIGHT: 640
      ORIENTATION: [0.0, 0.0, 0.0]
      POSITION: [0, 1.25, 0]
      PRINCIPAL_POINT_OFFSET: None
      SENSOR_MODEL_TYPE: DOUBLE_SPHERE
      TYPE: HabitatSimFisheyeRGBSensor
      WIDTH: 640
      XI: -0.27
    FISHEYE_SEMANTIC_SENSOR:
      ALPHA: 0.57
      FOCAL_LENGTH: [364.84, 364.86]
      HEIGHT: 640
      ORIENTATION: [0.0, 0.0, 0.0]
      POSITION: [0, 1.25, 0]
      PRINCIPAL_POINT_OFFSET: None
      SENSOR_MODEL_TYPE: DOUBLE_SPHERE
      TYPE: HabitatSimFisheyeSemanticSensor
      WIDTH: 640
      XI: -0.27
    FORWARD_STEP_SIZE: 0.25
    GRASP_IMPULSE: 1000.0
    HABITAT_SIM_V0:
      ALLOW_SLIDING: False
      ENABLE_PHYSICS: False
      FRUSTUM_CULLING: True
      GPU_DEVICE_ID: 0
      GPU_GPU: False
      LEAVE_CONTEXT_WITH_BACKGROUND_RENDERER: False
      PHYSICS_CONFIG_FILE: ./data/default.physics_config.json
    HEAD_DEPTH_SENSOR:
      HEIGHT: 480
      HFOV: 90
      MAX_DEPTH: 10.0
      MIN_DEPTH: 0.0
      NORMALIZE_DEPTH: True
      ORIENTATION: [0.0, 0.0, 0.0]
      POSITION: [0, 1.25, 0]
      SENSOR_SUBTYPE: PINHOLE
      TYPE: HabitatSimDepthSensor
      UUID: robot_head_depth
      WIDTH: 640
    HEAD_RGB_SENSOR:
      HEIGHT: 480
      HFOV: 90
      ORIENTATION: [0.0, 0.0, 0.0]
      POSITION: [0, 1.25, 0]
      SENSOR_SUBTYPE: PINHOLE
      TYPE: HabitatSimRGBSensor
      UUID: robot_head_rgb
      WIDTH: 640
    HOLD_THRESH: 0.09
    IK_ARM_URDF: data/robots/hab_fetch/robots/fetch_onlyarm.urdf
    LAG_OBSERVATIONS: 0
    LOAD_OBJS: False
    NEEDS_MARKERS: True
    REQUIRES_TEXTURES: True
    RGB_SENSOR:
      HEIGHT: 480
      HFOV: 79
      ORIENTATION: [0.0, 0.0, 0.0]
      POSITION: [0, 0.88, 0]
      SENSOR_SUBTYPE: PINHOLE
      TYPE: HabitatSimRGBSensor
      WIDTH: 640
    ROBOT_JOINT_START_NOISE: 0.0
    ROBOT_TYPE: FetchRobot
    ROBOT_URDF: data/robots/hab_fetch/robots/hab_fetch.urdf
    SCENE: data/scene_datasets/habitat-test-scenes/van-gogh-room.glb
    SCENE_DATASET: default
    SEED: 100
    SEMANTIC_SENSOR:
      HEIGHT: 480
      HFOV: 79
      ORIENTATION: [0.0, 0.0, 0.0]
      POSITION: [0, 0.88, 0]
      SENSOR_SUBTYPE: PINHOLE
      TYPE: HabitatSimSemanticSensor
      WIDTH: 640
    STEP_PHYSICS: True
    THIRD_DEPTH_SENSOR:
      HEIGHT: 480
      HFOV: 90
      MAX_DEPTH: 10.0
      MIN_DEPTH: 0.0
      NORMALIZE_DEPTH: True
      ORIENTATION: [0.0, 0.0, 0.0]
      POSITION: [0, 1.25, 0]
      SENSOR_SUBTYPE: PINHOLE
      TYPE: HabitatSimDepthSensor
      UUID: robot_third_rgb
      WIDTH: 640
    THIRD_RGB_SENSOR:
      HEIGHT: 480
      HFOV: 90
      ORIENTATION: [0.0, 0.0, 0.0]
      POSITION: [0, 1.25, 0]
      SENSOR_SUBTYPE: PINHOLE
      TYPE: HabitatSimRGBSensor
      UUID: robot_third_rgb
      WIDTH: 640
    TILT_ANGLE: 30
    TURN_ANGLE: 30
    TYPE: Sim-v0
    UPDATE_ROBOT: True
  TASK:
    ABS_GOAL_SENSOR:
      DIMENSIONALITY: 3
      GOAL_FORMAT: CARTESIAN
      TYPE: AbsGoalSensor
    ABS_TARGET_START_SENSOR:
      DIMENSIONALITY: 3
      GOAL_FORMAT: CARTESIAN
      TYPE: AbsTargetStartSensor
    ACTIONS:
      ANSWER:
        TYPE: AnswerAction
      ARM_ACTION:
        ARM_CONTROLLER: ArmRelPosAction
        ARM_JOINT_DIMENSIONALITY: 7
        DELTA_POS_LIMIT: 0.0125
        DISABLE_GRIP: False
        EE_CTRL_LIM: 0.015
        GRASP_THRESH_DIST: 0.15
        GRIP_CONTROLLER: None
        ORACLE_GRASP: False
        RENDER_EE_TARGET: False
        SHOULD_CLIP: False
        TYPE: ArmAction
      BASE_VELOCITY:
        ALLOW_BACK: True
        ALLOW_DYN_SLIDE: True
        ANG_SPEED: 12.0
        END_ON_STOP: False
        LIN_SPEED: 12.0
        MIN_ABS_ANG_SPEED: 1.0
        MIN_ABS_LIN_SPEED: 1.0
        TYPE: BaseVelAction
      EMPTY:
        TYPE: EmptyAction
      LOOK_DOWN:
        TYPE: LookDownAction
      LOOK_UP:
        TYPE: LookUpAction
      MOVE_FORWARD:
        TYPE: MoveForwardAction
      REARRANGE_STOP:
        TYPE: RearrangeStopAction
      STOP:
        TYPE: StopAction
      TELEPORT:
        TYPE: TeleportAction
      TURN_LEFT:
        TYPE: TurnLeftAction
      TURN_RIGHT:
        TYPE: TurnRightAction
      VELOCITY_CONTROL:
        ANG_VEL_RANGE: [-10.0, 10.0]
        LIN_VEL_RANGE: [0.0, 0.25]
        MIN_ABS_ANG_SPEED: 1.0
        MIN_ABS_LIN_SPEED: 0.025
        TIME_STEP: 1.0
        TYPE: VelocityAction
    ANSWER_ACCURACY:
      TYPE: AnswerAccuracy
    ART_JOINT_SENSOR:
      TYPE: ArtJointSensor
    ART_JOINT_SENSOR_NO_VEL:
      TYPE: ArtJointSensorNoVel
    ART_OBJ_AT_DESIRED_STATE:
      SUCCESS_DIST_THRESHOLD: 0.05
      TYPE: ArtObjAtDesiredState
      USE_ABSOLUTE_DISTANCE: True
    ART_OBJ_REWARD:
      ART_AT_DESIRED_STATE_REWARD: 5.0
      ART_DIST_REWARD: 10.0
      CONSTRAINT_VIOLATE_PEN: 10.0
      DIST_REWARD: 1.0
      EE_DIST_REWARD: 10.0
      FORCE_END_PEN: 10.0
      FORCE_PEN: 0.0
      GRASP_REWARD: 0.0
      MARKER_DIST_REWARD: 0.0
      MAX_FORCE_PEN: 1.0
      TYPE: ArtObjReward
      WRONG_GRASP_END: False
      WRONG_GRASP_PEN: 5.0
    ART_OBJ_STATE:
      TYPE: ArtObjState
    ART_OBJ_SUCCESS:
      REST_DIST_THRESHOLD: 0.15
      TYPE: ArtObjSuccess
    ART_SUCC_THRESH: 0.15
    BAD_CALLED_TERMINATE:
      BAD_TERM_PEN: 0.0
      DECAY_BAD_TERM: False
      TYPE: BadCalledTerminate
    BASE_ANGLE_NOISE: 0.15
    BASE_NOISE: 0.05
    COLLISIONS:
      TYPE: Collisions
    COMPASS_SENSOR:
      TYPE: CompassSensor
    COMPOSITE_BAD_CALLED_TERMINATE:
      TYPE: CompositeBadCalledTerminate
    COMPOSITE_NODE_IDX:
      TYPE: CompositeNodeIdx
    COMPOSITE_REWARD:
      STAGE_COMPLETE_REWARD: 10.0
      SUCCESS_REWARD: 10.0
      TYPE: CompositeReward
    COMPOSITE_SUCCESS:
      TYPE: CompositeSuccess
    CONSTRAINT_VIOLATION_ENDS_EPISODE: True
    CORRECT_ANSWER:
      TYPE: CorrectAnswer
    COSTMAP_SENSOR:
      GRID_RES: 0.2
      HFOV: 79.0
      MAX_COST: 30.0
      MAX_DEPTH: 5.0
      MIN_DEPTH: 0.5
      NORMALIZE_DEPTH: True
      OUT_HEIGHT: 32
      OUT_WIDTH: 32
      SENSOR_HEIGHT: 0.88
      TYPE: CostmapSensor
    COUNT_OBJ_COLLISIONS: True
    COUNT_ROBOT_OBJ_COLLS: False
    DEBUG_GOAL_POINT: True
    DEBUG_SKIP_TO_NODE: -1
    DEMONSTRATION_SENSOR:
      TYPE: DemonstrationSensor
    DEMONSTRATION_SENSOR_UUID: next_actions
    DESIRED_RESTING_POSITION: []
    DID_PICK_OBJECT:
      TYPE: DidPickObjectMeasure
    DID_VIOLATE_HOLD_CONSTRAINT:
      TYPE: DidViolateHoldConstraintMeasure
    DISTANCE_TO_GOAL:
      DISTANCE_TO: VIEW_POINTS
      TYPE: DistanceToGoal
    DIST_TO_GOAL:
      TYPE: DistToGoal
    DIST_TO_NAV_GOAL:
      TYPE: DistToNavGoalSensor
    DOES_WANT_TERMINATE:
      TYPE: DoesWantTerminate
    EASY_INIT: False
    EE_DIST_TO_MARKER:
      TYPE: EndEffectorDistToMarker
    EE_EXCLUDE_REGION: 0.0
    EE_SAMPLE_FACTOR: 0.2
    END_EFFECTOR_SENSOR:
      TYPE: EEPositionSensor
    END_EFFECTOR_TO_OBJECT_DISTANCE:
      TYPE: EndEffectorToObjectDistance
    END_EFFECTOR_TO_REST_DISTANCE:
      TYPE: EndEffectorToRestDistance
    END_ON_SUCCESS: False
    EPISODE_INFO:
      TYPE: EpisodeInfo
    FILTER_NAV_TO_TASKS: []
    FORCE_REGENERATE: False
    FORCE_TERMINATE:
      MAX_ACCUM_FORCE: -1.0
      TYPE: ForceTerminate
    GOAL_SENSOR:
      DIMENSIONALITY: 3
      GOAL_FORMAT: CARTESIAN
      TYPE: GoalSensor
    GOAL_SENSOR_UUID: objectgoal
    GPS_SENSOR:
      DIMENSIONALITY: 2
      TYPE: GPSSensor
    HEADING_SENSOR:
      TYPE: HeadingSensor
    IMAGEGOAL_SENSOR:
      TYPE: ImageGoalSensor
    INFLECTION_WEIGHT_SENSOR:
      INFLECTION_COEF: 1.695062344794965
      TYPE: InflectionWeightSensor
    INFLECTION_WEIGHT_SENSOR_UUID: inflection_weight
    INSTRUCTION_SENSOR:
      TYPE: InstructionSensor
    INSTRUCTION_SENSOR_UUID: instruction
    IS_HOLDING_SENSOR:
      TYPE: IsHoldingSensor
    JOINT_MAX_IMPULSE: -1.0
    JOINT_SENSOR:
      DIMENSIONALITY: 7
      TYPE: JointSensor
    JOINT_VELOCITY_SENSOR:
      DIMENSIONALITY: 7
      TYPE: JointVelocitySensor
    LIMIT_TASK_LEN_SCALING: 0.0
    LIMIT_TASK_NODE: -1
    LOCALIZATION_SENSOR:
      TYPE: LocalizationSensor
    MARKER_REL_POS_SENSOR:
      TYPE: MarkerRelPosSensor
    MAX_COLLISIONS: -1.0
    MEASUREMENTS: ['DISTANCE_TO_GOAL', 'SUCCESS', 'SPL', 'SOFT_SPL', 'SPARSE_REWARD']
    MOVE_OBJECTS_REWARD:
      CONSTRAINT_VIOLATE_PEN: 10.0
      DIST_REWARD: 1.0
      FORCE_END_PEN: 10.0
      FORCE_PEN: 0.001
      MAX_FORCE_PEN: 1.0
      PICK_REWARD: 1.0
      SINGLE_REARRANGE_REWARD: 1.0
      SUCCESS_DIST: 0.15
      TYPE: MoveObjectsReward
    MUST_LOOK_AT_TARG: True
    NAV_GOAL_SENSOR:
      TYPE: NavGoalSensor
    NAV_TO_POS_SUCC:
      SUCCESS_DISTANCE: 0.2
      TYPE: NavToPosSucc
    NAV_TO_SKILL_SENSOR:
      NUM_SKILLS: 8
      TYPE: NavToSkillSensor
    NUM_STEPS:
      TYPE: NumStepsMeasure
    OBJECTGOAL_SENSOR:
      GOAL_SPEC: TASK_CATEGORY_ID
      GOAL_SPEC_MAX_VAL: 50
      TYPE: ObjectGoalSensor
    OBJECT_IN_HAND_SAMPLE_PROB: 0.167
    OBJECT_SENSOR:
      DIMENSIONALITY: 3
      GOAL_FORMAT: CARTESIAN
      TYPE: TargetCurrentSensor
    OBJECT_TO_GOAL_DISTANCE:
      TYPE: ObjectToGoalDistance
    OBJ_AT_GOAL:
      SUCC_THRESH: 0.15
      TYPE: ObjAtGoal
    OBJ_SUCC_THRESH: 0.3
    ORACLE_NAV_ACTION_SENSOR:
      TYPE: OracleNavigationActionSensor
    PDDL_DOMAIN_DEF: configs/tasks/rearrange/pddl/replica_cad_domain.yaml
    PICK_REWARD:
      COLLISION_PENALTY: 0.0
      COLL_PEN: 1.0
      CONSTRAINT_VIOLATE_PEN: 10.0
      DIST_REWARD: 20.0
      DROP_OBJ_SHOULD_END: False
      DROP_PEN: 5.0
      FORCE_END_PEN: 10.0
      FORCE_PEN: 0.001
      MAX_ACCUM_FORCE: 5000.0
      MAX_FORCE_PEN: 1.0
      PICK_REWARD: 20.0
      ROBOT_OBJ_COLLISION_PENALTY: 0.0
      ROBOT_OBJ_COLL_PEN: 0.0
      SUCC_REWARD: 10.0
      TYPE: RearrangePickReward
      USE_DIFF: True
      WRONG_PICK_PEN: 5.0
      WRONG_PICK_SHOULD_END: False
    PICK_SUCCESS:
      EE_RESTING_SUCCESS_THRESHOLD: 0.15
      TYPE: RearrangePickSuccess
    PLACE_REWARD:
      CONSTRAINT_VIOLATE_PEN: 10.0
      DIST_REWARD: 20.0
      DROP_PEN: 5.0
      FORCE_END_PEN: 10.0
      FORCE_PEN: 0.001
      MAX_FORCE_PEN: 1.0
      PLACE_REWARD: 20.0
      SUCC_REWARD: 10.0
      TYPE: PlaceReward
      USE_DIFF: True
      WRONG_DROP_SHOULD_END: False
    PLACE_SUCCESS:
      EE_RESTING_SUCCESS_THRESHOLD: 0.15
      TYPE: PlaceSuccess
    POINTGOAL_SENSOR:
      DIMENSIONALITY: 2
      GOAL_FORMAT: POLAR
      TYPE: PointGoalSensor
    POINTGOAL_WITH_GPS_COMPASS_SENSOR:
      DIMENSIONALITY: 2
      GOAL_FORMAT: POLAR
      TYPE: PointGoalWithGPSCompassSensor
    POSSIBLE_ACTIONS: ['STOP', 'MOVE_FORWARD', 'TURN_LEFT', 'TURN_RIGHT', 'LOOK_UP', 'LOOK_DOWN']
    PROXIMITY_SENSOR:
      MAX_DETECTION_RADIUS: 2.0
      TYPE: ProximitySensor
    QUESTION_SENSOR:
      TYPE: QuestionSensor
    REARRANGE_NAV_TO_OBJ_REWARD:
      ANGLE_DIST_REWARD: 1.0
      CONSTRAINT_VIOLATE_PEN: 10.0
      DIST_REWARD: 10.0
      FORCE_END_PEN: 10.0
      FORCE_PEN: 0.0
      MAX_FORCE_PEN: 1.0
      SHOULD_REWARD_TURN: True
      TURN_REWARD_DIST: 0.1
      TYPE: NavToObjReward
    REARRANGE_NAV_TO_OBJ_SUCCESS:
      HEURISTIC_STOP: False
      MUST_CALL_STOP: True
      MUST_LOOK_AT_TARG: True
      SUCCESS_ANGLE_DIST: 0.15
      TYPE: NavToObjSuccess
    REARRANGE_REACH_REWARD:
      DIFF_REWARD: True
      SCALE: 1.0
      SPARSE_REWARD: False
      TYPE: RearrangeReachReward
    REARRANGE_REACH_SUCCESS:
      SUCC_THRESH: 0.2
      TYPE: RearrangeReachSuccess
    RELATIVE_RESTING_POS_SENSOR:
      TYPE: RelativeRestingPositionSensor
    RENDER_TARGET: True
    RESTING_POS_SENSOR:
      TYPE: RestingPositionSensor
    REWARD_MEASURE: distance_to_goal
    REWARD_MEASUREMENT: 
    ROBOT_COLLS:
      TYPE: RobotCollisions
    ROBOT_FORCE:
      MIN_FORCE: 20.0
      TYPE: RobotForce
    ROT_DIST_TO_GOAL:
      TYPE: RotDistToGoal
    SENSORS: ['OBJECTGOAL_SENSOR', 'COMPASS_SENSOR', 'GPS_SENSOR', 'COSTMAP_SENSOR', 'DEMONSTRATION_SENSOR', 'INFLECTION_WEIGHT_SENSOR', 'DEMONSTRATION_SENSOR', 'INFLECTION_WEIGHT_SENSOR', 'DEMONSTRATION_SENSOR', 'INFLECTION_WEIGHT_SENSOR', 'DEMONSTRATION_SENSOR', 'INFLECTION_WEIGHT_SENSOR', 'DEMONSTRATION_SENSOR', 'INFLECTION_WEIGHT_SENSOR', 'DEMONSTRATION_SENSOR', 'INFLECTION_WEIGHT_SENSOR', 'DEMONSTRATION_SENSOR', 'INFLECTION_WEIGHT_SENSOR']
    SETTLE_STEPS: 5
    SHOULD_ENFORCE_TARGET_WITHIN_REACH: False
    SHOULD_SAVE_TO_CACHE: True
    SIMPLE_REWARD:
      ANGLE_SUCCESS_REWARD: 2.5
      ATG_REWARD_DISTANCE: 1.0
      SLACK_PENALTY: -0.01
      SUCCESS_REWARD: 2.5
      TYPE: SimpleReward
      USE_ATG_FIX: True
      USE_ATG_REWARD: True
      USE_DTG_REWARD: True
    SINGLE_EVAL_NODE: -1
    SKIP_NODES: ['move_obj']
    SLACK_REWARD: -0.01
    SOFT_SPL:
      TYPE: SoftSPL
    SPARSE_REWARD:
      SUCCESS_REWARD: 2.5
      TYPE: SparseReward
    SPAWN_REGION_SCALE: 0.2
    SPL:
      TYPE: SPL
    SUCCESS:
      SUCCESS_DISTANCE: 0.1
      TYPE: Success
    SUCCESS_DISTANCE: 0.1
    SUCCESS_MEASURE: success
    SUCCESS_MEASUREMENT: 
    SUCCESS_REWARD: 2.5
    SUCCESS_STATE: 0.0
    TARGET_GOAL_GPS_COMPASS_SENSOR:
      TYPE: TargetGoalGpsCompassSensor
    TARGET_START_GPS_COMPASS_SENSOR:
      TYPE: TargetStartGpsCompassSensor
    TARGET_START_POINT_GOAL_SENSOR:
      TYPE: TargetOrGoalStartPointGoalSensor
    TARGET_START_SENSOR:
      DIMENSIONALITY: 3
      GOAL_FORMAT: CARTESIAN
      TYPE: TargetStartSensor
    TASK_SPEC: nav_pick
    TASK_SPEC_BASE_PATH: configs/tasks/rearrange/pddl/
    TOP_DOWN_MAP:
      DRAW_BORDER: True
      DRAW_GOAL_AABBS: True
      DRAW_GOAL_POSITIONS: True
      DRAW_SHORTEST_PATH: True
      DRAW_SOURCE: True
      DRAW_VIEW_POINTS: True
      FOG_OF_WAR:
        DRAW: True
        FOV: 90
        VISIBILITY_DIST: 5.0
      MAP_PADDING: 3
      MAP_RESOLUTION: 1024
      MAX_EPISODE_STEPS: 1000
      TYPE: TopDownMap
    TYPE: ObjectNav-v2
    USE_MARKER_T: True
    USING_SUBTASKS: False
TENSORBOARD_DIR: tb/il_costmap_2ch_sp
TEST_EPISODE_COUNT: -1
TORCH_GPU_ID: 0
TOTAL_NUM_STEPS: -1.0
TRAINER_NAME: pirlnav-il
VERBOSE: True
VIDEO_DIR: video_dir
VIDEO_FPS: 10
VIDEO_OPTION: []
VIDEO_RENDER_ALL_INFO: False
VIDEO_RENDER_TOP_DOWN: True
WB:
  ENTITY: 
  GROUP: 
  PROJECT_NAME: pirlnav-baseline
  RUN_NAME: il_costmap_2ch_sp
WRITER_TYPE: wb
2026-07-19 08:05:02,526 Initializing dataset ObjectNav-v2
Gym has been unmaintained since 2022 and does not support NumPy 2.0 amongst other critical functionality.
Please upgrade to Gymnasium, the maintained drop-in replacement of Gym, or contact the authors of your software and request that they upgrade.
See the migration guide at https://gymnasium.farama.org/introduction/migration_guide/ for additional information.
2026-07-19 08:05:04,950 Initializing dataset ObjectNav-v2
Gym has been unmaintained since 2022 and does not support NumPy 2.0 amongst other critical functionality.
Please upgrade to Gymnasium, the maintained drop-in replacement of Gym, or contact the authors of your software and request that they upgrade.
See the migration guide at https://gymnasium.farama.org/introduction/migration_guide/ for additional information.
2026-07-19 08:05:04,952 Initializing dataset ObjectNav-v2
Gym has been unmaintained since 2022 and does not support NumPy 2.0 amongst other critical functionality.
Please upgrade to Gymnasium, the maintained drop-in replacement of Gym, or contact the authors of your software and request that they upgrade.
See the migration guide at https://gymnasium.farama.org/introduction/migration_guide/ for additional information.
2026-07-19 08:05:05,037 Initializing dataset ObjectNav-v2
Gym has been unmaintained since 2022 and does not support NumPy 2.0 amongst other critical functionality.
Please upgrade to Gymnasium, the maintained drop-in replacement of Gym, or contact the authors of your software and request that they upgrade.
See the migration guide at https://gymnasium.farama.org/introduction/migration_guide/ for additional information.
2026-07-19 08:05:05,042 Initializing dataset ObjectNav-v2
Gym has been unmaintained since 2022 and does not support NumPy 2.0 amongst other critical functionality.
Please upgrade to Gymnasium, the maintained drop-in replacement of Gym, or contact the authors of your software and request that they upgrade.
See the migration guide at https://gymnasium.farama.org/introduction/migration_guide/ for additional information.
2026-07-19 08:05:05,052 Initializing dataset ObjectNav-v2
Gym has been unmaintained since 2022 and does not support NumPy 2.0 amongst other critical functionality.
Please upgrade to Gymnasium, the maintained drop-in replacement of Gym, or contact the authors of your software and request that they upgrade.
See the migration guide at https://gymnasium.farama.org/introduction/migration_guide/ for additional information.
2026-07-19 08:05:05,074 Initializing dataset ObjectNav-v2
Gym has been unmaintained since 2022 and does not support NumPy 2.0 amongst other critical functionality.
Please upgrade to Gymnasium, the maintained drop-in replacement of Gym, or contact the authors of your software and request that they upgrade.
See the migration guide at https://gymnasium.farama.org/introduction/migration_guide/ for additional information.
2026-07-19 08:05:05,075 Initializing dataset ObjectNav-v2
Gym has been unmaintained since 2022 and does not support NumPy 2.0 amongst other critical functionality.
Please upgrade to Gymnasium, the maintained drop-in replacement of Gym, or contact the authors of your software and request that they upgrade.
See the migration guide at https://gymnasium.farama.org/introduction/migration_guide/ for additional information.
2026-07-19 08:05:05,089 Initializing dataset ObjectNav-v2
Gym has been unmaintained since 2022 and does not support NumPy 2.0 amongst other critical functionality.
Please upgrade to Gymnasium, the maintained drop-in replacement of Gym, or contact the authors of your software and request that they upgrade.
See the migration guide at https://gymnasium.farama.org/introduction/migration_guide/ for additional information.
2026-07-19 08:05:05,105 Initializing dataset ObjectNav-v2
Gym has been unmaintained since 2022 and does not support NumPy 2.0 amongst other critical functionality.
Please upgrade to Gymnasium, the maintained drop-in replacement of Gym, or contact the authors of your software and request that they upgrade.
See the migration guide at https://gymnasium.farama.org/introduction/migration_guide/ for additional information.
2026-07-19 08:05:05,168 Initializing dataset ObjectNav-v2
2026-07-19 08:05:06,820 initializing sim Sim-v0
2026-07-19 08:05:06,831 initializing sim Sim-v0
2026-07-19 08:05:06,990 initializing sim Sim-v0
2026-07-19 08:05:07,062 initializing sim Sim-v0
2026-07-19 08:05:07,077 initializing sim Sim-v0
2026-07-19 08:05:07,111 initializing sim Sim-v0
2026-07-19 08:05:07,237 initializing sim Sim-v0
2026-07-19 08:05:07,364 initializing sim Sim-v0
2026-07-19 08:05:07,376 initializing sim Sim-v0
2026-07-19 08:05:07,497 initializing sim Sim-v0
2026-07-19 08:05:08,585 Initializing task ObjectNav-v2
2026-07-19 08:05:08,704 Initializing task ObjectNav-v2
2026-07-19 08:05:08,886 Initializing task ObjectNav-v2
2026-07-19 08:05:09,093 Initializing task ObjectNav-v2
2026-07-19 08:05:09,269 Initializing task ObjectNav-v2
2026-07-19 08:05:09,339 Initializing task ObjectNav-v2
2026-07-19 08:05:09,494 Initializing task ObjectNav-v2
2026-07-19 08:05:09,554 Initializing task ObjectNav-v2
2026-07-19 08:05:09,576 Initializing task ObjectNav-v2
2026-07-19 08:05:09,821 Initializing task ObjectNav-v2
2026-07-19 08:05:10,167 Costmap encoder is resnet50
2026-07-19 08:05:10,168 Object categories: 6
2026-07-19 08:05:10,168 

Setting up Object Goal sensor
2026-07-19 08:05:10,168 State enc: 576 - 2048 - GRU - 2
2026-07-19 08:05:28,874 Visual Encoder params: 159
2026-07-19 08:05:28,875 Other params: 17
2026-07-19 08:05:29,151 agent number of parameters: 48560102
2026-07-19 08:05:29,440 Loading resume state: data/new_checkpoints/il_costmap_2ch_sp/.habitat-resume-state.pth
wandb: Using wandb-core as the SDK backend.  Please refer to https://wandb.me/wandb-core for more information.
wandb: Currently logged in as: jaiswalkhushi2911 (jaiswalkhushi2911-coep-technological-university-). Use `wandb login --relogin` to force relogin
wandb: Tracking run with wandb version 0.18.7
wandb: Run data is saved locally in /root/pirlnav/wandb/run-20260719_080531-dofk6qpo
wandb: Run `wandb offline` to turn off syncing.
wandb: Syncing run il_costmap_2ch_sp
wandb: ⭐️ View project at https://wandb.ai/jaiswalkhushi2911-coep-technological-university-/pirlnav-baseline
wandb: 🚀 View run at https://wandb.ai/jaiswalkhushi2911-coep-technological-university-/pirlnav-baseline/runs/dofk6qpo
/root/pirlnav/habitat-lab/habitat_baselines/rl/models/rnn_state_encoder.py:142: UserWarning: __floordiv__ is deprecated, and its behavior will change in a future version of pytorch. It currently rounds toward 0 (like the 'trunc' function NOT 'floor'). This results in incorrect rounding for negative values. To keep the current behavior, use torch.div(a, b, rounding_mode='trunc'), or for actual floor division, use torch.div(a, b, rounding_mode='floor').
  (episode_starts + (lengths - 1) * N) // N
2026-07-19 08:05:38,740 update: 5300	fps: 127.606	
2026-07-19 08:05:38,740 update: 5300	env-time: 9013.506s	pth-time: 3894.452s	frames: 1696000
2026-07-19 08:05:38,740 Average window size: 50  distance_to_goal: 0.048  reward: 1.000  softspl: 0.940  sparse_reward: 2.500  spl: 0.949  success: 1.000  action_accuracy: 0.709  action_ce_loss: 0.717  action_loss: 0.717  entropy: 0.746  top_1_action_accuracy: 0.709  top_3_action_accuracy: 0.984
2026-07-19 08:06:53,312 update: 5350	fps: 128.091	
2026-07-19 08:06:53,312 update: 5350	env-time: 9049.082s	pth-time: 3931.246s	frames: 1712000
2026-07-19 08:06:53,312 Average window size: 50  distance_to_goal: 0.047  reward: 1.000  softspl: 0.934  sparse_reward: 2.500  spl: 0.946  success: 1.000  action_accuracy: 0.744  action_ce_loss: 0.724  action_loss: 0.724  entropy: 0.833  top_1_action_accuracy: 0.744  top_3_action_accuracy: 0.984
2026-07-19 08:08:09,788 update: 5400	fps: 128.553	
2026-07-19 08:08:09,788 update: 5400	env-time: 9084.738s	pth-time: 3967.496s	frames: 1728000
2026-07-19 08:08:09,789 Average window size: 50  distance_to_goal: 0.048  reward: 1.000  softspl: 0.940  sparse_reward: 2.500  spl: 0.949  success: 1.000  action_accuracy: 0.619  action_ce_loss: 0.800  action_loss: 0.800  entropy: 0.834  top_1_action_accuracy: 0.619  top_3_action_accuracy: 0.988
2026-07-19 08:09:19,921 update: 5450	fps: 129.070	
2026-07-19 08:09:19,922 update: 5450	env-time: 9116.535s	pth-time: 4003.596s	frames: 1744000
2026-07-19 08:09:19,922 Average window size: 50  distance_to_goal: 0.046  reward: 1.000  softspl: 0.933  sparse_reward: 2.500  spl: 0.948  success: 1.000  action_accuracy: 0.700  action_ce_loss: 0.729  action_loss: 0.729  entropy: 0.774  top_1_action_accuracy: 0.700  top_3_action_accuracy: 0.981
2026-07-19 08:10:36,611 update: 5500	fps: 129.519	
2026-07-19 08:10:36,611 update: 5500	env-time: 9152.476s	pth-time: 4039.858s	frames: 1760000
2026-07-19 08:10:36,612 Average window size: 50  distance_to_goal: 0.044  reward: 1.000  softspl: 0.936  sparse_reward: 2.500  spl: 0.945  success: 1.000  action_accuracy: 0.697  action_ce_loss: 0.761  action_loss: 0.761  entropy: 0.757  top_1_action_accuracy: 0.697  top_3_action_accuracy: 0.981
2026-07-19 08:11:50,047 update: 5550	fps: 129.994	
2026-07-19 08:11:50,047 update: 5550	env-time: 9187.564s	pth-time: 4075.996s	frames: 1776000
2026-07-19 08:11:50,047 Average window size: 50  distance_to_goal: 0.085  reward: 0.997  softspl: 0.930  sparse_reward: 2.492  spl: 0.942  success: 0.997  action_accuracy: 0.613  action_ce_loss: 0.818  action_loss: 0.818  entropy: 0.759  top_1_action_accuracy: 0.613  top_3_action_accuracy: 0.975
2026-07-19 08:13:05,326 update: 5600	fps: 130.446	
2026-07-19 08:13:05,327 update: 5600	env-time: 9222.382s	pth-time: 4112.092s	frames: 1792000
2026-07-19 08:13:05,327 Average window size: 50  distance_to_goal: 0.047  reward: 1.000  softspl: 0.928  sparse_reward: 2.500  spl: 0.947  success: 1.000  action_accuracy: 0.631  action_ce_loss: 0.811  action_loss: 0.811  entropy: 0.804  top_1_action_accuracy: 0.631  top_3_action_accuracy: 0.978
2026-07-19 08:14:22,502 update: 5650	fps: 130.876	
2026-07-19 08:14:22,503 update: 5650	env-time: 9260.863s	pth-time: 4148.413s	frames: 1808000
2026-07-19 08:14:22,503 Average window size: 50  distance_to_goal: 0.047  reward: 1.000  softspl: 0.915  sparse_reward: 2.500  spl: 0.950  success: 1.000  action_accuracy: 0.653  action_ce_loss: 0.822  action_loss: 0.822  entropy: 0.851  top_1_action_accuracy: 0.653  top_3_action_accuracy: 0.975
2026-07-19 08:15:39,342 update: 5700	fps: 131.303	
2026-07-19 08:15:39,342 update: 5700	env-time: 9296.881s	pth-time: 4184.703s	frames: 1824000
2026-07-19 08:15:39,342 Average window size: 50  distance_to_goal: 0.045  reward: 1.000  softspl: 0.930  sparse_reward: 2.500  spl: 0.951  success: 1.000  action_accuracy: 0.712  action_ce_loss: 0.672  action_loss: 0.672  entropy: 0.736  top_1_action_accuracy: 0.712  top_3_action_accuracy: 0.984
2026-07-19 08:16:58,765 update: 5750	fps: 131.702	
2026-07-19 08:16:58,766 update: 5750	env-time: 9337.721s	pth-time: 4221.001s	frames: 1840000
2026-07-19 08:16:58,766 Average window size: 50  distance_to_goal: 0.046  reward: 1.000  softspl: 0.930  sparse_reward: 2.500  spl: 0.952  success: 1.000  action_accuracy: 0.706  action_ce_loss: 0.692  action_loss: 0.692  entropy: 0.737  top_1_action_accuracy: 0.706  top_3_action_accuracy: 0.988
2026-07-19 08:18:17,637 update: 5800	fps: 132.102	
2026-07-19 08:18:17,638 update: 5800	env-time: 9375.764s	pth-time: 4257.433s	frames: 1856000
2026-07-19 08:18:17,638 Average window size: 50  distance_to_goal: 0.047  reward: 1.000  softspl: 0.929  sparse_reward: 2.500  spl: 0.951  success: 1.000  action_accuracy: 0.706  action_ce_loss: 0.761  action_loss: 0.761  entropy: 0.798  top_1_action_accuracy: 0.706  top_3_action_accuracy: 0.988
2026-07-19 08:19:37,225 update: 5850	fps: 132.490	
2026-07-19 08:19:37,225 update: 5850	env-time: 9416.483s	pth-time: 4293.845s	frames: 1872000
2026-07-19 08:19:37,225 Average window size: 50  distance_to_goal: 0.047  reward: 1.000  softspl: 0.925  sparse_reward: 2.500  spl: 0.950  success: 1.000  action_accuracy: 0.653  action_ce_loss: 0.830  action_loss: 0.830  entropy: 0.777  top_1_action_accuracy: 0.653  top_3_action_accuracy: 0.972
2026-07-19 08:21:01,508 update: 5900	fps: 132.830	
2026-07-19 08:21:01,509 update: 5900	env-time: 9460.672s	pth-time: 4330.339s	frames: 1888000
2026-07-19 08:21:01,509 Average window size: 50  distance_to_goal: 0.045  reward: 1.000  softspl: 0.921  sparse_reward: 2.500  spl: 0.949  success: 1.000  action_accuracy: 0.650  action_ce_loss: 0.810  action_loss: 0.810  entropy: 0.767  top_1_action_accuracy: 0.650  top_3_action_accuracy: 0.969
2026-07-19 08:22:26,764 update: 5950	fps: 133.157	
2026-07-19 08:22:26,764 update: 5950	env-time: 9506.929s	pth-time: 4366.774s	frames: 1904000
2026-07-19 08:22:26,765 Average window size: 50  distance_to_goal: 0.047  reward: 1.000  softspl: 0.933  sparse_reward: 2.500  spl: 0.947  success: 1.000  action_accuracy: 0.634  action_ce_loss: 0.821  action_loss: 0.821  entropy: 0.779  top_1_action_accuracy: 0.634  top_3_action_accuracy: 0.988
2026-07-19 08:23:52,511 update: 6000	fps: 133.475	
2026-07-19 08:23:52,512 update: 6000	env-time: 9551.471s	pth-time: 4403.189s	frames: 1920000
2026-07-19 08:23:52,512 Average window size: 50  distance_to_goal: 0.045  reward: 1.000  softspl: 0.940  sparse_reward: 2.500  spl: 0.949  success: 1.000  action_accuracy: 0.675  action_ce_loss: 0.756  action_loss: 0.756  entropy: 0.772  top_1_action_accuracy: 0.675  top_3_action_accuracy: 0.981
2026-07-19 08:25:28,465 update: 6050	fps: 133.696	
2026-07-19 08:25:28,465 update: 6050	env-time: 9608.131s	pth-time: 4439.832s	frames: 1936000
2026-07-19 08:25:28,465 Average window size: 50  distance_to_goal: 0.046  reward: 1.000  softspl: 0.934  sparse_reward: 2.500  spl: 0.949  success: 1.000  action_accuracy: 0.691  action_ce_loss: 0.741  action_loss: 0.741  entropy: 0.729  top_1_action_accuracy: 0.691  top_3_action_accuracy: 0.991
2026-07-19 08:27:10,211 update: 6100	fps: 133.860	
2026-07-19 08:27:10,212 update: 6100	env-time: 9668.249s	pth-time: 4476.478s	frames: 1952000
2026-07-19 08:27:10,212 Average window size: 50  distance_to_goal: 0.048  reward: 1.000  softspl: 0.935  sparse_reward: 2.500  spl: 0.950  success: 1.000  action_accuracy: 0.678  action_ce_loss: 0.729  action_loss: 0.729  entropy: 0.759  top_1_action_accuracy: 0.678  top_3_action_accuracy: 0.984
2026-07-19 08:28:39,615 update: 6150	fps: 134.135	
2026-07-19 08:28:39,615 update: 6150	env-time: 9718.615s	pth-time: 4512.949s	frames: 1968000
2026-07-19 08:28:39,615 Average window size: 50  distance_to_goal: 0.047  reward: 1.000  softspl: 0.931  sparse_reward: 2.500  spl: 0.949  success: 1.000  action_accuracy: 0.709  action_ce_loss: 0.689  action_loss: 0.689  entropy: 0.765  top_1_action_accuracy: 0.709  top_3_action_accuracy: 0.991
2026-07-19 08:30:08,827 update: 6200	fps: 134.408	
2026-07-19 08:30:08,827 update: 6200	env-time: 9766.602s	pth-time: 4549.459s	frames: 1984000
2026-07-19 08:30:08,827 Average window size: 50  distance_to_goal: 0.045  reward: 1.000  softspl: 0.933  sparse_reward: 2.500  spl: 0.950  success: 1.000  action_accuracy: 0.647  action_ce_loss: 0.795  action_loss: 0.795  entropy: 0.822  top_1_action_accuracy: 0.647  top_3_action_accuracy: 0.988
2026-07-19 08:31:35,228 update: 6250	fps: 134.704	
2026-07-19 08:31:35,229 update: 6250	env-time: 9814.235s	pth-time: 4585.779s	frames: 2000000
2026-07-19 08:31:35,229 Average window size: 50  distance_to_goal: 0.045  reward: 1.000  softspl: 0.941  sparse_reward: 2.500  spl: 0.949  success: 1.000  action_accuracy: 0.722  action_ce_loss: 0.769  action_loss: 0.769  entropy: 0.811  top_1_action_accuracy: 0.722  top_3_action_accuracy: 0.981
2026-07-19 08:33:06,889 update: 6300	fps: 134.948	
2026-07-19 08:33:06,889 update: 6300	env-time: 9864.468s	pth-time: 4622.507s	frames: 2016000
2026-07-19 08:33:06,890 Average window size: 50  distance_to_goal: 0.046  reward: 1.000  softspl: 0.936  sparse_reward: 2.500  spl: 0.943  success: 1.000  action_accuracy: 0.666  action_ce_loss: 0.784  action_loss: 0.784  entropy: 0.803  top_1_action_accuracy: 0.666  top_3_action_accuracy: 0.972
2026-07-19 08:34:33,735 update: 6350	fps: 135.233	
2026-07-19 08:34:33,736 update: 6350	env-time: 9912.544s	pth-time: 4658.916s	frames: 2032000
2026-07-19 08:34:33,736 Average window size: 50  distance_to_goal: 0.047  reward: 1.000  softspl: 0.940  sparse_reward: 2.500  spl: 0.947  success: 1.000  action_accuracy: 0.678  action_ce_loss: 0.792  action_loss: 0.792  entropy: 0.799  top_1_action_accuracy: 0.678  top_3_action_accuracy: 0.972
2026-07-19 08:36:03,918 update: 6400	fps: 135.485	
2026-07-19 08:36:03,919 update: 6400	env-time: 9961.365s	pth-time: 4695.508s	frames: 2048000
2026-07-19 08:36:03,919 Average window size: 50  distance_to_goal: 0.086  reward: 0.994  softspl: 0.933  sparse_reward: 2.485  spl: 0.940  success: 0.994  action_accuracy: 0.712  action_ce_loss: 0.713  action_loss: 0.713  entropy: 0.810  top_1_action_accuracy: 0.712  top_3_action_accuracy: 0.984
2026-07-19 08:37:28,687 update: 6450	fps: 135.782	
2026-07-19 08:37:28,688 update: 6450	env-time: 10007.070s	pth-time: 4732.106s	frames: 2064000
2026-07-19 08:37:28,688 Average window size: 50  distance_to_goal: 0.047  reward: 1.000  softspl: 0.934  sparse_reward: 2.500  spl: 0.945  success: 1.000  action_accuracy: 0.663  action_ce_loss: 0.778  action_loss: 0.778  entropy: 0.742  top_1_action_accuracy: 0.663  top_3_action_accuracy: 0.981
2026-07-19 08:39:04,560 update: 6500	fps: 135.977	
2026-07-19 08:39:04,561 update: 6500	env-time: 10061.310s	pth-time: 4768.861s	frames: 2080000
2026-07-19 08:39:04,561 Average window size: 50  distance_to_goal: 0.047  reward: 1.000  softspl: 0.938  sparse_reward: 2.500  spl: 0.946  success: 1.000  action_accuracy: 0.650  action_ce_loss: 0.784  action_loss: 0.784  entropy: 0.770  top_1_action_accuracy: 0.650  top_3_action_accuracy: 0.984
2026-07-19 08:40:27,581 update: 6550	fps: 136.283	
2026-07-19 08:40:27,581 update: 6550	env-time: 10105.624s	pth-time: 4805.333s	frames: 2096000
2026-07-19 08:40:27,581 Average window size: 50  distance_to_goal: 0.045  reward: 1.000  softspl: 0.938  sparse_reward: 2.500  spl: 0.946  success: 1.000  action_accuracy: 0.656  action_ce_loss: 0.774  action_loss: 0.774  entropy: 0.802  top_1_action_accuracy: 0.656  top_3_action_accuracy: 0.975
2026-07-19 08:42:03,887 update: 6600	fps: 136.469	
2026-07-19 08:42:03,887 update: 6600	env-time: 10160.699s	pth-time: 4841.994s	frames: 2112000
2026-07-19 08:42:03,888 Average window size: 50  distance_to_goal: 0.048  reward: 1.000  softspl: 0.941  sparse_reward: 2.500  spl: 0.950  success: 1.000  action_accuracy: 0.719  action_ce_loss: 0.675  action_loss: 0.675  entropy: 0.707  top_1_action_accuracy: 0.719  top_3_action_accuracy: 0.988
2026-07-19 08:43:29,713 update: 6650	fps: 136.745	
2026-07-19 08:43:29,714 update: 6650	env-time: 10207.618s	pth-time: 4878.662s	frames: 2128000
2026-07-19 08:43:29,714 Average window size: 50  distance_to_goal: 0.048  reward: 1.000  softspl: 0.943  sparse_reward: 2.500  spl: 0.952  success: 1.000  action_accuracy: 0.634  action_ce_loss: 0.732  action_loss: 0.732  entropy: 0.822  top_1_action_accuracy: 0.634  top_3_action_accuracy: 0.981
2026-07-19 08:44:53,520 update: 6700	fps: 137.035	
2026-07-19 08:44:53,520 update: 6700	env-time: 10250.292s	pth-time: 4915.304s	frames: 2144000
2026-07-19 08:44:53,520 Average window size: 50  distance_to_goal: 0.047  reward: 1.000  softspl: 0.940  sparse_reward: 2.500  spl: 0.952  success: 1.000  action_accuracy: 0.719  action_ce_loss: 0.733  action_loss: 0.733  entropy: 0.770  top_1_action_accuracy: 0.719  top_3_action_accuracy: 0.981
2026-07-19 08:46:13,314 update: 6750	fps: 137.357	
2026-07-19 08:46:13,314 update: 6750	env-time: 10291.411s	pth-time: 4951.948s	frames: 2160000
2026-07-19 08:46:13,314 Average window size: 50  distance_to_goal: 0.047  reward: 1.000  softspl: 0.935  sparse_reward: 2.500  spl: 0.950  success: 1.000  action_accuracy: 0.647  action_ce_loss: 0.848  action_loss: 0.848  entropy: 0.595  top_1_action_accuracy: 0.647  top_3_action_accuracy: 0.981
2026-07-19 08:47:33,418 update: 6800	fps: 137.673	
2026-07-19 08:47:33,419 update: 6800	env-time: 10330.534s	pth-time: 4988.605s	frames: 2176000
2026-07-19 08:47:33,419 Average window size: 50  distance_to_goal: 0.047  reward: 1.000  softspl: 0.932  sparse_reward: 2.500  spl: 0.951  success: 1.000  action_accuracy: 0.656  action_ce_loss: 0.844  action_loss: 0.844  entropy: 0.594  top_1_action_accuracy: 0.656  top_3_action_accuracy: 0.984
2026-07-19 08:48:54,472 update: 6850	fps: 137.978	
2026-07-19 08:48:54,472 update: 6850	env-time: 10372.918s	pth-time: 5025.189s	frames: 2192000
2026-07-19 08:48:54,472 Average window size: 50  distance_to_goal: 0.046  reward: 1.000  softspl: 0.924  sparse_reward: 2.500  spl: 0.950  success: 1.000  action_accuracy: 0.684  action_ce_loss: 0.703  action_loss: 0.703  entropy: 0.744  top_1_action_accuracy: 0.684  top_3_action_accuracy: 0.991
2026-07-19 08:50:17,705 update: 6900	fps: 138.260	
2026-07-19 08:50:17,706 update: 6900	env-time: 10414.923s	pth-time: 5061.727s	frames: 2208000
2026-07-19 08:50:17,706 Average window size: 50  distance_to_goal: 0.048  reward: 1.000  softspl: 0.923  sparse_reward: 2.500  spl: 0.951  success: 1.000  action_accuracy: 0.641  action_ce_loss: 0.805  action_loss: 0.805  entropy: 0.908  top_1_action_accuracy: 0.641  top_3_action_accuracy: 0.981
2026-07-19 08:51:34,339 update: 6950	fps: 138.597	
2026-07-19 08:51:34,339 update: 6950	env-time: 10452.881s	pth-time: 5098.224s	frames: 2224000
2026-07-19 08:51:34,340 Average window size: 50  distance_to_goal: 0.044  reward: 1.000  softspl: 0.926  sparse_reward: 2.500  spl: 0.948  success: 1.000  action_accuracy: 0.534  action_ce_loss: 1.015  action_loss: 1.015  entropy: 0.865  top_1_action_accuracy: 0.534  top_3_action_accuracy: 0.984
2026-07-19 08:52:54,047 update: 7000	fps: 138.904	
2026-07-19 08:52:54,047 update: 7000	env-time: 10491.695s	pth-time: 5134.853s	frames: 2240000
2026-07-19 08:52:54,047 Average window size: 50  distance_to_goal: 0.047  reward: 1.000  softspl: 0.937  sparse_reward: 2.500  spl: 0.949  success: 1.000  action_accuracy: 0.637  action_ce_loss: 0.817  action_loss: 0.817  entropy: 0.858  top_1_action_accuracy: 0.637  top_3_action_accuracy: 0.978
2026-07-19 08:54:06,234 update: 7050	fps: 139.273	
2026-07-19 08:54:06,234 update: 7050	env-time: 10525.382s	pth-time: 5171.227s	frames: 2256000
2026-07-19 08:54:06,234 Average window size: 50  distance_to_goal: 0.048  reward: 1.000  softspl: 0.941  sparse_reward: 2.500  spl: 0.951  success: 1.000  action_accuracy: 0.666  action_ce_loss: 0.779  action_loss: 0.779  entropy: 0.750  top_1_action_accuracy: 0.666  top_3_action_accuracy: 0.984
2026-07-19 08:55:32,074 update: 7100	fps: 139.522	
2026-07-19 08:55:32,075 update: 7100	env-time: 10570.237s	pth-time: 5207.703s	frames: 2272000
2026-07-19 08:55:32,075 Average window size: 50  distance_to_goal: 0.048  reward: 1.000  softspl: 0.941  sparse_reward: 2.500  spl: 0.950  success: 1.000  action_accuracy: 0.691  action_ce_loss: 0.734  action_loss: 0.734  entropy: 0.545  top_1_action_accuracy: 0.691  top_3_action_accuracy: 0.981
2026-07-19 08:56:56,183 update: 7150	fps: 139.782	
2026-07-19 08:56:56,184 update: 7150	env-time: 10615.676s	pth-time: 5244.196s	frames: 2288000
2026-07-19 08:56:56,184 Average window size: 50  distance_to_goal: 0.046  reward: 1.000  softspl: 0.939  sparse_reward: 2.500  spl: 0.947  success: 1.000  action_accuracy: 0.641  action_ce_loss: 0.877  action_loss: 0.877  entropy: 0.494  top_1_action_accuracy: 0.641  top_3_action_accuracy: 0.978
2026-07-19 08:58:20,866 update: 7200	fps: 140.035	
2026-07-19 08:58:20,866 update: 7200	env-time: 10659.566s	pth-time: 5280.624s	frames: 2304000
2026-07-19 08:58:20,866 Average window size: 50  distance_to_goal: 0.045  reward: 1.000  softspl: 0.937  sparse_reward: 2.500  spl: 0.948  success: 1.000  action_accuracy: 0.622  action_ce_loss: 0.939  action_loss: 0.939  entropy: 0.576  top_1_action_accuracy: 0.622  top_3_action_accuracy: 0.978
2026-07-19 08:59:37,676 update: 7250	fps: 140.352	
2026-07-19 08:59:37,676 update: 7250	env-time: 10697.746s	pth-time: 5317.146s	frames: 2320000
2026-07-19 08:59:37,677 Average window size: 50  distance_to_goal: 0.046  reward: 1.000  softspl: 0.937  sparse_reward: 2.500  spl: 0.949  success: 1.000  action_accuracy: 0.684  action_ce_loss: 0.736  action_loss: 0.736  entropy: 0.706  top_1_action_accuracy: 0.684  top_3_action_accuracy: 0.978
2026-07-19 09:01:11,230 update: 7300	fps: 140.525	
2026-07-19 09:01:11,230 update: 7300	env-time: 10750.282s	pth-time: 5353.610s	frames: 2336000
2026-07-19 09:01:11,231 Average window size: 50  distance_to_goal: 0.048  reward: 1.000  softspl: 0.941  sparse_reward: 2.500  spl: 0.954  success: 1.000  action_accuracy: 0.675  action_ce_loss: 0.746  action_loss: 0.746  entropy: 0.866  top_1_action_accuracy: 0.675  top_3_action_accuracy: 0.972
2026-07-19 09:02:27,283 update: 7350	fps: 140.843	
2026-07-19 09:02:27,284 update: 7350	env-time: 10787.798s	pth-time: 5390.014s	frames: 2352000
2026-07-19 09:02:27,284 Average window size: 50  distance_to_goal: 0.048  reward: 1.000  softspl: 0.937  sparse_reward: 2.500  spl: 0.953  success: 1.000  action_accuracy: 0.641  action_ce_loss: 0.789  action_loss: 0.789  entropy: 0.889  top_1_action_accuracy: 0.641  top_3_action_accuracy: 0.994
2026-07-19 09:03:42,044 update: 7400	fps: 141.169	
2026-07-19 09:03:42,045 update: 7400	env-time: 10822.923s	pth-time: 5426.458s	frames: 2368000
2026-07-19 09:03:42,045 Average window size: 50  distance_to_goal: 0.047  reward: 1.000  softspl: 0.930  sparse_reward: 2.500  spl: 0.951  success: 1.000  action_accuracy: 0.597  action_ce_loss: 0.844  action_loss: 0.844  entropy: 0.873  top_1_action_accuracy: 0.597  top_3_action_accuracy: 0.978
2026-07-19 09:04:55,464 update: 7450	fps: 141.504	
2026-07-19 09:04:55,464 update: 7450	env-time: 10857.963s	pth-time: 5462.907s	frames: 2384000
2026-07-19 09:04:55,465 Average window size: 50  distance_to_goal: 0.051  reward: 1.000  softspl: 0.944  sparse_reward: 2.500  spl: 0.954  success: 1.000  action_accuracy: 0.694  action_ce_loss: 0.764  action_loss: 0.764  entropy: 0.811  top_1_action_accuracy: 0.694  top_3_action_accuracy: 0.978
2026-07-19 09:06:11,068 update: 7500	fps: 141.817	
2026-07-19 09:06:11,068 update: 7500	env-time: 10892.723s	pth-time: 5499.433s	frames: 2400000
2026-07-19 09:06:11,068 Average window size: 50  distance_to_goal: 0.046  reward: 1.000  softspl: 0.927  sparse_reward: 2.500  spl: 0.951  success: 1.000  action_accuracy: 0.694  action_ce_loss: 0.671  action_loss: 0.671  entropy: 0.685  top_1_action_accuracy: 0.694  top_3_action_accuracy: 0.981
2026-07-19 09:07:23,301 update: 7550	fps: 142.156	
2026-07-19 09:07:23,302 update: 7550	env-time: 10925.717s	pth-time: 5535.836s	frames: 2416000
2026-07-19 09:07:23,302 Average window size: 50  distance_to_goal: 0.046  reward: 1.000  softspl: 0.886  sparse_reward: 2.500  spl: 0.952  success: 1.000  action_accuracy: 0.703  action_ce_loss: 0.700  action_loss: 0.700  entropy: 0.636  top_1_action_accuracy: 0.703  top_3_action_accuracy: 0.975
2026-07-19 09:08:37,582 update: 7600	fps: 142.474	
2026-07-19 09:08:37,583 update: 7600	env-time: 10959.240s	pth-time: 5572.259s	frames: 2432000
2026-07-19 09:08:37,583 Average window size: 50  distance_to_goal: 0.048  reward: 1.000  softspl: 0.887  sparse_reward: 2.500  spl: 0.953  success: 1.000  action_accuracy: 0.722  action_ce_loss: 0.664  action_loss: 0.664  entropy: 0.662  top_1_action_accuracy: 0.722  top_3_action_accuracy: 0.984
2026-07-19 09:09:52,935 update: 7650	fps: 142.781	
2026-07-19 09:09:52,935 update: 7650	env-time: 10996.004s	pth-time: 5608.659s	frames: 2448000
2026-07-19 09:09:52,935 Average window size: 50  distance_to_goal: 0.047  reward: 1.000  softspl: 0.890  sparse_reward: 2.500  spl: 0.951  success: 1.000  action_accuracy: 0.703  action_ce_loss: 0.669  action_loss: 0.669  entropy: 0.685  top_1_action_accuracy: 0.703  top_3_action_accuracy: 0.981
2026-07-19 09:11:17,673 update: 7700	fps: 143.008	
2026-07-19 09:11:17,674 update: 7700	env-time: 11039.828s	pth-time: 5645.212s	frames: 2464000
2026-07-19 09:11:17,675 Average window size: 50  distance_to_goal: 0.046  reward: 1.000  softspl: 0.882  sparse_reward: 2.500  spl: 0.949  success: 1.000  action_accuracy: 0.716  action_ce_loss: 0.642  action_loss: 0.642  entropy: 0.733  top_1_action_accuracy: 0.716  top_3_action_accuracy: 0.981
2026-07-19 09:12:45,898 update: 7750	fps: 143.203	
2026-07-19 09:12:45,899 update: 7750	env-time: 11089.176s	pth-time: 5681.818s	frames: 2480000
2026-07-19 09:12:45,899 Average window size: 50  distance_to_goal: 0.045  reward: 1.000  softspl: 0.871  sparse_reward: 2.500  spl: 0.952  success: 1.000  action_accuracy: 0.691  action_ce_loss: 0.690  action_loss: 0.690  entropy: 0.777  top_1_action_accuracy: 0.691  top_3_action_accuracy: 0.991
2026-07-19 09:14:13,693 update: 7800	fps: 143.400	
2026-07-19 09:14:13,694 update: 7800	env-time: 11135.904s	pth-time: 5718.471s	frames: 2496000
2026-07-19 09:14:13,694 Average window size: 50  distance_to_goal: 0.044  reward: 1.000  softspl: 0.886  sparse_reward: 2.500  spl: 0.950  success: 1.000  action_accuracy: 0.672  action_ce_loss: 0.802  action_loss: 0.802  entropy: 0.831  top_1_action_accuracy: 0.672  top_3_action_accuracy: 0.966
2026-07-19 09:15:39,695 update: 7850	fps: 143.610	
2026-07-19 09:15:39,696 update: 7850	env-time: 11182.944s	pth-time: 5755.172s	frames: 2512000
2026-07-19 09:15:39,696 Average window size: 50  distance_to_goal: 0.046  reward: 1.000  softspl: 0.914  sparse_reward: 2.500  spl: 0.949  success: 1.000  action_accuracy: 0.700  action_ce_loss: 0.688  action_loss: 0.688  entropy: 0.732  top_1_action_accuracy: 0.700  top_3_action_accuracy: 0.978
2026-07-19 09:17:03,217 update: 7900	fps: 143.838	
2026-07-19 09:17:03,217 update: 7900	env-time: 11225.363s	pth-time: 5791.796s	frames: 2528000
2026-07-19 09:17:03,218 Average window size: 50  distance_to_goal: 0.046  reward: 1.000  softspl: 0.940  sparse_reward: 2.500  spl: 0.948  success: 1.000  action_accuracy: 0.725  action_ce_loss: 0.694  action_loss: 0.694  entropy: 0.697  top_1_action_accuracy: 0.725  top_3_action_accuracy: 0.994
2026-07-19 09:18:28,522 update: 7950	fps: 144.049	
2026-07-19 09:18:28,523 update: 7950	env-time: 11271.837s	pth-time: 5828.476s	frames: 2544000
2026-07-19 09:18:28,523 Average window size: 50  distance_to_goal: 0.047  reward: 1.000  softspl: 0.935  sparse_reward: 2.500  spl: 0.947  success: 1.000  action_accuracy: 0.738  action_ce_loss: 0.668  action_loss: 0.668  entropy: 0.669  top_1_action_accuracy: 0.738  top_3_action_accuracy: 0.988
2026-07-19 09:19:48,669 update: 8000	fps: 144.300	
2026-07-19 09:19:48,669 update: 8000	env-time: 11312.035s	pth-time: 5865.002s	frames: 2560000
2026-07-19 09:19:48,670 Average window size: 50  distance_to_goal: 0.047  reward: 1.000  softspl: 0.925  sparse_reward: 2.500  spl: 0.949  success: 1.000  action_accuracy: 0.700  action_ce_loss: 0.638  action_loss: 0.638  entropy: 0.695  top_1_action_accuracy: 0.700  top_3_action_accuracy: 0.991
2026-07-19 09:21:09,763 update: 8050	fps: 144.541	
2026-07-19 09:21:09,764 update: 8050	env-time: 11354.241s	pth-time: 5901.630s	frames: 2576000
2026-07-19 09:21:09,764 Average window size: 50  distance_to_goal: 0.046  reward: 1.000  softspl: 0.929  sparse_reward: 2.500  spl: 0.945  success: 1.000  action_accuracy: 0.741  action_ce_loss: 0.579  action_loss: 0.579  entropy: 0.642  top_1_action_accuracy: 0.741  top_3_action_accuracy: 0.988
2026-07-19 09:22:30,537 update: 8100	fps: 144.783	
2026-07-19 09:22:30,537 update: 8100	env-time: 11393.781s	pth-time: 5938.223s	frames: 2592000
2026-07-19 09:22:30,537 Average window size: 50  distance_to_goal: 0.047  reward: 1.000  softspl: 0.932  sparse_reward: 2.500  spl: 0.950  success: 1.000  action_accuracy: 0.738  action_ce_loss: 0.629  action_loss: 0.629  entropy: 0.718  top_1_action_accuracy: 0.738  top_3_action_accuracy: 0.978
2026-07-19 09:23:52,377 update: 8150	fps: 145.014	
2026-07-19 09:23:52,378 update: 8150	env-time: 11436.865s	pth-time: 5974.820s	frames: 2608000
2026-07-19 09:23:52,378 Average window size: 50  distance_to_goal: 0.048  reward: 1.000  softspl: 0.925  sparse_reward: 2.500  spl: 0.948  success: 1.000  action_accuracy: 0.719  action_ce_loss: 0.660  action_loss: 0.660  entropy: 0.742  top_1_action_accuracy: 0.719  top_3_action_accuracy: 0.994
2026-07-19 09:25:11,242 update: 8200	fps: 145.266	
2026-07-19 09:25:11,243 update: 8200	env-time: 11474.820s	pth-time: 6011.380s	frames: 2624000
2026-07-19 09:25:11,243 Average window size: 50  distance_to_goal: 0.045  reward: 1.000  softspl: 0.936  sparse_reward: 2.500  spl: 0.949  success: 1.000  action_accuracy: 0.747  action_ce_loss: 0.624  action_loss: 0.624  entropy: 0.719  top_1_action_accuracy: 0.747  top_3_action_accuracy: 0.991
2026-07-19 09:26:25,282 update: 8250	fps: 145.555	
2026-07-19 09:26:25,283 update: 8250	env-time: 11510.229s	pth-time: 6047.908s	frames: 2640000
2026-07-19 09:26:25,283 Average window size: 50  distance_to_goal: 0.047  reward: 1.000  softspl: 0.935  sparse_reward: 2.500  spl: 0.948  success: 1.000  action_accuracy: 0.688  action_ce_loss: 0.677  action_loss: 0.677  entropy: 0.684  top_1_action_accuracy: 0.688  top_3_action_accuracy: 0.988
2026-07-19 09:27:44,242 update: 8300	fps: 145.803	
2026-07-19 09:27:44,243 update: 8300	env-time: 11547.862s	pth-time: 6084.432s	frames: 2656000
2026-07-19 09:27:44,243 Average window size: 50  distance_to_goal: 0.048  reward: 1.000  softspl: 0.921  sparse_reward: 2.500  spl: 0.949  success: 1.000  action_accuracy: 0.703  action_ce_loss: 0.709  action_loss: 0.709  entropy: 0.695  top_1_action_accuracy: 0.703  top_3_action_accuracy: 0.978
2026-07-19 09:29:00,003 update: 8350	fps: 146.074	
2026-07-19 09:29:00,003 update: 8350	env-time: 11585.127s	pth-time: 6120.805s	frames: 2672000
2026-07-19 09:29:00,004 Average window size: 50  distance_to_goal: 0.049  reward: 1.000  softspl: 0.927  sparse_reward: 2.500  spl: 0.954  success: 1.000  action_accuracy: 0.666  action_ce_loss: 0.719  action_loss: 0.719  entropy: 0.762  top_1_action_accuracy: 0.666  top_3_action_accuracy: 0.988
2026-07-19 09:30:16,688 update: 8400	fps: 146.335	
2026-07-19 09:30:16,689 update: 8400	env-time: 11620.961s	pth-time: 6157.246s	frames: 2688000
2026-07-19 09:30:16,689 Average window size: 50  distance_to_goal: 0.047  reward: 1.000  softspl: 0.936  sparse_reward: 2.500  spl: 0.948  success: 1.000  action_accuracy: 0.653  action_ce_loss: 0.782  action_loss: 0.782  entropy: 0.805  top_1_action_accuracy: 0.653  top_3_action_accuracy: 0.984
2026-07-19 09:31:34,441 update: 8450	fps: 146.585	
2026-07-19 09:31:34,442 update: 8450	env-time: 11660.142s	pth-time: 6193.674s	frames: 2704000
2026-07-19 09:31:34,442 Average window size: 50  distance_to_goal: 0.048  reward: 1.000  softspl: 0.938  sparse_reward: 2.500  spl: 0.953  success: 1.000  action_accuracy: 0.706  action_ce_loss: 0.730  action_loss: 0.730  entropy: 0.807  top_1_action_accuracy: 0.706  top_3_action_accuracy: 0.984
2026-07-19 09:33:10,738 update: 8500	fps: 146.687	
2026-07-19 09:33:10,739 update: 8500	env-time: 11714.898s	pth-time: 6230.602s	frames: 2720000
2026-07-19 09:33:10,739 Average window size: 50  distance_to_goal: 0.045  reward: 1.000  softspl: 0.937  sparse_reward: 2.500  spl: 0.952  success: 1.000  action_accuracy: 0.731  action_ce_loss: 0.619  action_loss: 0.619  entropy: 0.660  top_1_action_accuracy: 0.731  top_3_action_accuracy: 0.978
2026-07-19 09:34:42,634 update: 8550	fps: 146.822	
2026-07-19 09:34:42,635 update: 8550	env-time: 11767.627s	pth-time: 6267.450s	frames: 2736000
2026-07-19 09:34:42,635 Average window size: 50  distance_to_goal: 0.046  reward: 1.000  softspl: 0.940  sparse_reward: 2.500  spl: 0.951  success: 1.000  action_accuracy: 0.700  action_ce_loss: 0.694  action_loss: 0.694  entropy: 0.594  top_1_action_accuracy: 0.700  top_3_action_accuracy: 0.994
2026-07-19 09:36:19,898 update: 8600	fps: 146.914	
2026-07-19 09:36:19,898 update: 8600	env-time: 11823.321s	pth-time: 6304.292s	frames: 2752000
2026-07-19 09:36:19,898 Average window size: 50  distance_to_goal: 0.046  reward: 1.000  softspl: 0.934  sparse_reward: 2.500  spl: 0.948  success: 1.000  action_accuracy: 0.719  action_ce_loss: 0.710  action_loss: 0.710  entropy: 0.608  top_1_action_accuracy: 0.719  top_3_action_accuracy: 0.981
2026-07-19 09:37:43,101 update: 8650	fps: 147.115	
2026-07-19 09:37:43,101 update: 8650	env-time: 11867.638s	pth-time: 6340.875s	frames: 2768000
2026-07-19 09:37:43,101 Average window size: 50  distance_to_goal: 0.045  reward: 1.000  softspl: 0.941  sparse_reward: 2.500  spl: 0.948  success: 1.000  action_accuracy: 0.675  action_ce_loss: 0.733  action_loss: 0.733  entropy: 0.650  top_1_action_accuracy: 0.675  top_3_action_accuracy: 0.994
2026-07-19 09:39:15,081 update: 8700	fps: 147.245	
2026-07-19 09:39:15,082 update: 8700	env-time: 11917.253s	pth-time: 6377.649s	frames: 2784000
2026-07-19 09:39:15,082 Average window size: 50  distance_to_goal: 0.047  reward: 1.000  softspl: 0.940  sparse_reward: 2.500  spl: 0.948  success: 1.000  action_accuracy: 0.578  action_ce_loss: 0.891  action_loss: 0.891  entropy: 0.687  top_1_action_accuracy: 0.578  top_3_action_accuracy: 0.984
2026-07-19 09:40:46,341 update: 8750	fps: 147.380	
2026-07-19 09:40:46,341 update: 8750	env-time: 11969.340s	pth-time: 6414.517s	frames: 2800000
2026-07-19 09:40:46,341 Average window size: 50  distance_to_goal: 0.045  reward: 1.000  softspl: 0.933  sparse_reward: 2.500  spl: 0.941  success: 1.000  action_accuracy: 0.725  action_ce_loss: 0.671  action_loss: 0.671  entropy: 0.696  top_1_action_accuracy: 0.725  top_3_action_accuracy: 0.972
2026-07-19 09:42:11,549 update: 8800	fps: 147.560	
2026-07-19 09:42:11,549 update: 8800	env-time: 12014.462s	pth-time: 6451.154s	frames: 2816000
2026-07-19 09:42:11,549 Average window size: 50  distance_to_goal: 0.044  reward: 1.000  softspl: 0.932  sparse_reward: 2.500  spl: 0.946  success: 1.000  action_accuracy: 0.709  action_ce_loss: 0.700  action_loss: 0.700  entropy: 0.725  top_1_action_accuracy: 0.709  top_3_action_accuracy: 0.991
2026-07-19 09:43:35,170 update: 8850	fps: 147.751	
2026-07-19 09:43:35,170 update: 8850	env-time: 12059.193s	pth-time: 6487.787s	frames: 2832000
2026-07-19 09:43:35,170 Average window size: 50  distance_to_goal: 0.046  reward: 1.000  softspl: 0.935  sparse_reward: 2.500  spl: 0.946  success: 1.000  action_accuracy: 0.659  action_ce_loss: 0.742  action_loss: 0.742  entropy: 0.680  top_1_action_accuracy: 0.659  top_3_action_accuracy: 0.991
2026-07-19 09:45:02,210 update: 8900	fps: 147.915	
2026-07-19 09:45:02,211 update: 8900	env-time: 12104.956s	pth-time: 6524.508s	frames: 2848000
2026-07-19 09:45:02,211 Average window size: 50  distance_to_goal: 0.044  reward: 1.000  softspl: 0.937  sparse_reward: 2.500  spl: 0.944  success: 1.000  action_accuracy: 0.647  action_ce_loss: 0.722  action_loss: 0.722  entropy: 0.713  top_1_action_accuracy: 0.647  top_3_action_accuracy: 0.978
2026-07-19 09:46:25,619 update: 8950	fps: 148.104	
2026-07-19 09:46:25,620 update: 8950	env-time: 12149.621s	pth-time: 6561.055s	frames: 2864000
2026-07-19 09:46:25,620 Average window size: 50  distance_to_goal: 0.046  reward: 1.000  softspl: 0.940  sparse_reward: 2.500  spl: 0.948  success: 1.000  action_accuracy: 0.681  action_ce_loss: 0.706  action_loss: 0.706  entropy: 0.715  top_1_action_accuracy: 0.681  top_3_action_accuracy: 0.969
wandb: - 0.070 MB of 0.070 MB uploadedwandb: \ 0.070 MB of 0.070 MB uploadedwandb:                                                                                
wandb: 
wandb: Run history:
wandb:       losses/action_accuracy ▄▄▄▄▇▄▅▄▄▄▆▆▅▂▅▅▅▆▅▁▃▄▃▆▅▃▄▆▇▄█▇▇▃▆▅▇▆▃▆
wandb:        losses/action_ce_loss ▆▃█▃▅▅▅▅▅▅▅▃▃▂▄▂▃▄▃▂▅▄▂▃▃▃▂▁▁▃▃▃▅▄▂▆▇▁▂▄
wandb:           losses/action_loss ▅▃▅▄▄▄▅▅▅▅▄▂▇█▃▃▃▅▄▅▇▅▃▂▁▂▂▂▁▃▄▁▃▄▃▃▂▄▆▂
wandb:               losses/entropy ▆▇▇▆▅▆▆▆▅▅▅▅▆▇▇▆▆▆▆▆▆▁▁▂▂█▅▆▆▅▅▄▄▅▃▆▆▇▃▄
wandb: losses/top_1_action_accuracy ▆▃▅▄▇▅▇▅▄▄▃▅▅▅▄▄▁▄▃▄▃▆▄▅▅▆▇█▆▇▆▆▅▆▇▆▇▃▃▅
wandb: losses/top_3_action_accuracy ▅▄▃▄▁▆▃▅▅▆▁▃▅▅▄▅▅▄▆▃▅▄▅█▄▂▆▅▃▄▅▄▅▇▂▅▇▄▆▇
wandb:     metrics/distance_to_goal ▄▆▆▆▆▅█▆▃▄▅▆▇▃▆█▆▇▇▄██▆▆▅▇▂▃▃▆▆▇▇▆▆▃█▃▁▄
wandb:                  metrics/fps ▁▁▂▂▂▃▃▃▃▃▄▄▄▄▄▄▅▅▅▅▆▆▆▆▆▆▇▇▇▇▇▇▇▇██████
wandb:              metrics/softspl ▇▇▇▇█▅▇▇▆▇▇▇███▇███▆██▇▁▁▂▂▃▆▆▇▆▇█▇█▇██▇
wandb:        metrics/sparse_reward ▁▁▁▁▁▁▁▁▁▁▁▁▁▁▁▁▁▁▁▁▁▁▁▁▁▁▁▁▁▁▁▁▁▁▁▁▁▁▁▁
wandb:                  metrics/spl ▆▅▇▅▅▆▆▆▆▅▅▆▄▄▁▄▅▄▇▇▇▆▆▅▆▅▆█▆▇█▆▅▅▅▇▇▅▇▅
wandb:              metrics/success █████████████▁██████████████████████████
wandb:                       reward ████▅█████▁▅▄███████████████████████████
wandb: 
wandb: Run summary:
wandb:       losses/action_accuracy 0.70625
wandb:        losses/action_ce_loss 0.66947
wandb:           losses/action_loss 0.66947
wandb:               losses/entropy 0.73502
wandb: losses/top_1_action_accuracy 0.70625
wandb: losses/top_3_action_accuracy 0.99375
wandb:     metrics/distance_to_goal 0.04709
wandb:                  metrics/fps 148.13604
wandb:              metrics/softspl 0.94091
wandb:        metrics/sparse_reward 2.5
wandb:                  metrics/spl 0.9494
wandb:              metrics/success 1
wandb:                       reward 1
wandb: 
wandb: 🚀 View run il_costmap_2ch_sp at: https://wandb.ai/jaiswalkhushi2911-coep-technological-university-/pirlnav-baseline/runs/dofk6qpo
wandb: ⭐️ View project at: https://wandb.ai/jaiswalkhushi2911-coep-technological-university-/pirlnav-baseline
wandb: Synced 5 W&B file(s), 0 media file(s), 0 artifact file(s) and 0 other file(s)
wandb: Find logs at: ./wandb/run-20260719_080531-dofk6qpo/logs
Traceback (most recent call last):
  File "/root/miniconda3/envs/pirlnav/lib/python3.7/runpy.py", line 193, in _run_module_as_main
    "__main__", mod_spec)
  File "/root/miniconda3/envs/pirlnav/lib/python3.7/runpy.py", line 85, in _run_code
    exec(code, run_globals)
  File "/root/pirlnav/run.py", line 94, in <module>
    main()
  File "/root/pirlnav/run.py", line 42, in main
    run_exp(**vars(args))
  File "/root/pirlnav/run.py", line 90, in run_exp
    execute_exp(config, run_type)
  File "/root/pirlnav/run.py", line 73, in execute_exp
    trainer.train()
  File "/root/miniconda3/envs/pirlnav/lib/python3.7/contextlib.py", line 74, in inner
    return func(*args, **kwds)
  File "/root/pirlnav/pirlnav/il_trainer.py", line 450, in train
    ) = self._update_agent()
  File "/root/miniconda3/envs/pirlnav/lib/python3.7/contextlib.py", line 74, in inner
    return func(*args, **kwds)
  File "/root/pirlnav/pirlnav/il_trainer.py", line 303, in _update_agent
    self.rollouts, accumulate_gradients, num_accum_steps
  File "/root/pirlnav/pirlnav/algos/agent.py", line 99, in update
    batch["masks"],
  File "/root/miniconda3/envs/pirlnav/lib/python3.7/site-packages/torch/nn/modules/module.py", line 1130, in _call_impl
    return forward_call(*input, **kwargs)
  File "/root/pirlnav/pirlnav/policy/policy.py", line 43, in forward
    features, rnn_hidden_states = self.net(*x)
  File "/root/miniconda3/envs/pirlnav/lib/python3.7/site-packages/torch/nn/modules/module.py", line 1130, in _call_impl
    return forward_call(*input, **kwargs)
  File "/root/pirlnav/pirlnav/policy/costmap_policy.py", line 152, in forward
    x, rnn_hidden_states.contiguous(), masks
  File "/root/miniconda3/envs/pirlnav/lib/python3.7/site-packages/torch/nn/modules/module.py", line 1130, in _call_impl
    return forward_call(*input, **kwargs)
  File "/root/pirlnav/habitat-lab/habitat_baselines/rl/models/rnn_state_encoder.py", line 344, in forward
    x, hidden_states = self.seq_forward(x, hidden_states, masks)
  File "/root/pirlnav/habitat-lab/habitat_baselines/rl/models/rnn_state_encoder.py", line 332, in seq_forward
    N,
  File "/root/pirlnav/habitat-lab/habitat_baselines/rl/models/rnn_state_encoder.py", line 248, in build_rnn_out_from_seq
    last_episode_in_batch_mask.view(1, hidden_states.size(1), 1),
RuntimeError: CUDA error: unspecified launch failure
CUDA kernel errors might be asynchronously reported at some other API call,so the stacktrace below might be incorrect.
For debugging consider passing CUDA_LAUNCH_BLOCKING=1.
===== attempt 3 ended @ 09:47:04: update 5350 -> 8950 in 6125s =====
===== RESILIENT ATTEMPT 4 @ 09:47:09 from update ~8950 =====
Gym has been unmaintained since 2022 and does not support NumPy 2.0 amongst other critical functionality.
Please upgrade to Gymnasium, the maintained drop-in replacement of Gym, or contact the authors of your software and request that they upgrade.
See the migration guide at https://gymnasium.farama.org/introduction/migration_guide/ for additional information.
2026-07-19 09:47:11,274 Using a generated random seed 11579345
2026-07-19 09:47:11,602 Loading resume state: data/new_checkpoints/il_costmap_2ch_sp/.habitat-resume-state.pth
2026-07-19 09:47:12,270 Initialized DD-PPO with 1 workers
2026-07-19 09:47:12,274 config: BASE_TASK_CONFIG_PATH: configs/tasks/objectnav_hm3d_costmap.yaml
CHECKPOINT_FOLDER: data/new_checkpoints/il_costmap_2ch_sp
CHECKPOINT_INTERVAL: -1
CMD_TRAILING_OPTS: ['TASK_CONFIG.ENVIRONMENT.ITERATOR_OPTIONS.MAX_SCENE_REPEAT_STEPS', '50000', 'IL.BehaviorCloning.lr', '0.0005', 'IL.BehaviorCloning.encoder_lr', '0.0005', 'IL.BehaviorCloning.max_grad_norm', '0.1', 'TENSORBOARD_DIR', 'tb/il_costmap_2ch_sp', 'CHECKPOINT_FOLDER', 'data/new_checkpoints/il_costmap_2ch_sp', 'NUM_UPDATES', '25000', 'NUM_ENVIRONMENTS', '10', 'NUM_ACCUM_STEPS', '51', 'IL.BehaviorCloning.num_steps', '32', 'IL.BehaviorCloning.num_mini_batch', '5', 'NUM_CHECKPOINTS', '10', 'LOG_INTERVAL', '50', 'WRITER_TYPE', 'wb', 'WB.PROJECT_NAME', 'pirlnav-baseline', 'WB.RUN_NAME', 'il_costmap_2ch_sp', 'RL.DDPPO.force_distributed', 'True', 'POLICY.COSTMAP_ENCODER.normalize_visual_inputs', 'False', 'TASK_CONFIG.ENVIRONMENT.ITERATOR_OPTIONS.MAX_SCENE_REPEAT_STEPS', '10000', 'TASK_CONFIG.TASK.COSTMAP_SENSOR.OUT_HEIGHT', '32', 'TASK_CONFIG.TASK.COSTMAP_SENSOR.OUT_WIDTH', '32', 'TASK_CONFIG.DATASET.DATA_PATH', 'data/datasets/objectnav/objectnav_hm3d_sp_gen/{split}/{split}.json.gz', 'TASK_CONFIG.TASK.INFLECTION_WEIGHT_SENSOR.INFLECTION_COEF', '1.695062344794965']
ENV_NAME: SimpleRLEnv
EVAL:
  DATASET_TYPE: ObjectNav-v1
  EVAL_FREQ: 5
  SHOULD_LOAD_CKPT: True
  SPLIT: val
  USE_CKPT_CONFIG: True
EVAL_CKPT_PATH_DIR: data/new_checkpoints
EVAL_KEYS_TO_INCLUDE_IN_NAME: []
FORCE_BLIND_POLICY: False
FORCE_TORCH_SINGLE_THREADED: True
IL:
  BehaviorCloning:
    clip_param: 0.2
    encoder_lr: 0.0005
    entropy_coef: 0.0
    eps: 1e-05
    hidden_size: 2048
    lr: 0.0005
    max_grad_norm: 0.1
    num_mini_batch: 5
    num_steps: 32
    reward_window_size: 50
    sync_frac: 0.6
    use_double_buffered_sampler: False
    use_linear_clip_decay: False
    use_linear_lr_decay: True
    wd: 0.0
  POLICY:
    USE_IW: True
    distrib_backend: NCCL
    name: ObjectNavILCostmapPolicy
LOG_FILE: data/train.log
LOG_INTERVAL: 50
NUM_ACCUM_STEPS: 51
NUM_CHECKPOINTS: 10
NUM_ENVIRONMENTS: 10
NUM_PROCESSES: -1
NUM_UPDATES: 25000
ORBSLAM2:
  ANGLE_TH: 0.2617993877991494
  BETA: 100
  CAMERA_HEIGHT: 1.25
  DEPTH_DENORM: 10.0
  DIST_REACHED_TH: 0.15
  DIST_TO_STOP: 0.05
  D_OBSTACLE_MAX: 4.0
  D_OBSTACLE_MIN: 0.1
  H_OBSTACLE_MAX: 1.25
  H_OBSTACLE_MIN: 0.375
  MAP_CELL_SIZE: 0.1
  MAP_SIZE: 40
  MIN_PTS_IN_OBSTACLE: 320.0
  NEXT_WAYPOINT_TH: 0.5
  NUM_ACTIONS: 3
  PLANNER_MAX_STEPS: 500
  PREPROCESS_MAP: True
  SLAM_SETTINGS_PATH: habitat_baselines/slambased/data/mp3d3_small1k.yaml
  SLAM_VOCAB_PATH: habitat_baselines/slambased/data/ORBvoc.txt
POLICY:
  COSTMAP_ENCODER:
    avgpooled_image: False
    backbone: resnet50
    drop_path_rate: 0.0
    hidden_size: 512
    image_size: 256
    max_cost: 30.0
    normalize_visual_inputs: False
    resnet_baseplanes: 32
  CRITIC:
    hidden_dim: 512
    mlp_critic: False
    no_critic: True
  RGB_ENCODER:
    augmentations_name: jitter+shift
    avgpooled_image: False
    backbone: resnet50
    drop_path_rate: 0.0
    freeze_backbone: False
    hidden_size: 512
    image_size: 256
    normalize_visual_inputs: False
    pretrained_encoder: None
    randomize_augmentations_over_envs: False
    resnet_baseplanes: 32
    use_augmentations: True
    use_augmentations_test_time: True
    vit_global_pool: False
    vit_mask_ratio: None
    vit_use_cls: False
    vit_use_fc_norm: False
  SEQ2SEQ:
    use_prev_action: True
  STATE_ENCODER:
    hidden_size: 2048
    num_recurrent_layers: 2
    rnn_type: GRU
PROFILING:
  CAPTURE_START_STEP: -1
  NUM_STEPS_TO_CAPTURE: -1
RL:
  DDPPO:
    backbone: resnet18
    distrib_backend: GLOO
    force_distributed: True
    num_recurrent_layers: 1
    pretrained: False
    pretrained_encoder: False
    pretrained_weights: data/ddppo-models/gibson-2plus-resnet50.pth
    reset_critic: True
    rnn_type: GRU
    sync_frac: 0.6
    train_encoder: True
  Finetune:
    finetune: True
    freeze_encoders: True
    lr: 1.5e-05
    start_actor_update_at: 100
    start_actor_warmup_at: 50
    start_critic_update_at: 80
    start_critic_warmup_at: 20
  POLICY:
    ACTION_DIST:
      action_activation: tanh
      clamp_std: True
      max_log_std: 2
      max_std: 1
      min_log_std: -5
      min_std: 1e-06
      use_log_std: True
      use_softplus: False
      use_std_param: False
    OBS_TRANSFORMS:
      CENTER_CROPPER:
        HEIGHT: 256
        WIDTH: 256
      CUBE2EQ:
        HEIGHT: 256
        SENSOR_UUIDS: []
        WIDTH: 512
      CUBE2FISH:
        FOV: 180
        HEIGHT: 256
        PARAMS: (0.2, 0.2, 0.2)
        SENSOR_UUIDS: []
        WIDTH: 256
      ENABLED_TRANSFORMS: ()
      EQ2CUBE:
        HEIGHT: 256
        SENSOR_UUIDS: []
        WIDTH: 256
      RESIZE_SHORTEST_EDGE:
        SIZE: 256
    action_distribution_type: categorical
    name: ObjectNavILMAEPolicy
  PPO:
    clip_param: 0.2
    entropy_coef: 0.01
    eps: 1e-05
    gamma: 0.99
    hidden_size: 2048
    lr: 0.00025
    max_grad_norm: 0.5
    num_mini_batch: 2
    num_steps: 5
    ppo_epoch: 4
    reward_window_size: 50
    tau: 0.95
    use_double_buffered_sampler: False
    use_gae: True
    use_linear_clip_decay: False
    use_linear_lr_decay: True
    use_normalized_advantage: False
    value_loss_coef: 0.5
  SLACK_REWARD: -0.001
  SUCCESS_REWARD: 2.5
  preemption:
    append_slurm_job_id: False
    save_resume_state_interval: 100
    save_state_batch_only: False
RUN_TYPE: train
SENSORS: ['DEPTH_SENSOR']
SIMULATOR_GPU_ID: 3
TASK_CONFIG:
  DATASET:
    CONTENT_SCENES: ['*']
    DATA_PATH: data/datasets/objectnav/objectnav_hm3d_sp_gen/{split}/{split}.json.gz
    MAX_EPISODE_STEPS: 500
    SCENES_DIR: data/scene_datasets/
    SPLIT: train
    TYPE: ObjectNav-v2
  ENVIRONMENT:
    ITERATOR_OPTIONS:
      CYCLE: True
      GROUP_BY_SCENE: True
      MAX_SCENE_REPEAT_EPISODES: -1
      MAX_SCENE_REPEAT_STEPS: 10000
      NUM_EPISODE_SAMPLE: -1
      SHUFFLE: True
      STEP_REPETITION_RANGE: 0.2
    MAX_EPISODE_SECONDS: 10000000
    MAX_EPISODE_STEPS: 500
  GYM:
    ACHIEVED_GOAL_KEYS: []
    ACTION_KEYS: None
    AUTO_NAME: 
    CLASS_NAME: RearrangeRLEnv
    DESIRED_GOAL_KEYS: []
    FIX_INFO_DICT: True
    OBS_KEYS: None
  PYROBOT:
    BASE_CONTROLLER: proportional
    BASE_PLANNER: none
    BUMP_SENSOR:
      TYPE: PyRobotBumpSensor
    DEPTH_SENSOR:
      CENTER_CROP: False
      HEIGHT: 480
      MAX_DEPTH: 5.0
      MIN_DEPTH: 0.0
      NORMALIZE_DEPTH: True
      TYPE: PyRobotDepthSensor
      WIDTH: 640
    LOCOBOT:
      ACTIONS: ['BASE_ACTIONS', 'CAMERA_ACTIONS']
      BASE_ACTIONS: ['go_to_relative', 'go_to_absolute']
      CAMERA_ACTIONS: ['set_pan', 'set_tilt', 'set_pan_tilt']
    RGB_SENSOR:
      CENTER_CROP: False
      HEIGHT: 480
      TYPE: PyRobotRGBSensor
      WIDTH: 640
    ROBOT: locobot
    ROBOTS: ['locobot']
    SENSORS: ['RGB_SENSOR', 'DEPTH_SENSOR', 'BUMP_SENSOR']
  SCENE_DATASET: data/scene_datasets/hm3d/hm3d_annotated_basis.scene_dataset_config.json
  SEED: 34269689
  SIMULATOR:
    ACTION_SPACE_CONFIG: v1
    AC_FREQ_RATIO: 4
    ADDITIONAL_OBJECT_PATHS: []
    AGENTS: ['AGENT_0']
    AGENT_0:
      HEIGHT: 0.88
      IS_SET_START_STATE: False
      RADIUS: 0.18
      SENSORS: ['DEPTH_SENSOR']
      START_POSITION: [0, 0, 0]
      START_ROTATION: [0, 0, 0, 1]
    ARM_DEPTH_SENSOR:
      HEIGHT: 480
      HFOV: 90
      MAX_DEPTH: 10.0
      MIN_DEPTH: 0.0
      NORMALIZE_DEPTH: True
      ORIENTATION: [0.0, 0.0, 0.0]
      POSITION: [0, 1.25, 0]
      SENSOR_SUBTYPE: PINHOLE
      TYPE: HabitatSimDepthSensor
      UUID: robot_arm_depth
      WIDTH: 640
    ARM_REST: [0.6, 0.0, 0.9]
    ARM_RGB_SENSOR:
      HEIGHT: 480
      HFOV: 90
      ORIENTATION: [0.0, 0.0, 0.0]
      POSITION: [0, 1.25, 0]
      SENSOR_SUBTYPE: PINHOLE
      TYPE: HabitatSimRGBSensor
      UUID: robot_arm_rgb
      WIDTH: 640
    AUTO_SLEEP: False
    CONCUR_RENDER: False
    CREATE_RENDERER: False
    CTRL_FREQ: 120.0
    DEBUG_RENDER: False
    DEBUG_RENDER_GOAL: True
    DEFAULT_AGENT_ID: 0
    DEPTH_SENSOR:
      HEIGHT: 480
      HFOV: 79
      MAX_DEPTH: 5.0
      MIN_DEPTH: 0.5
      NORMALIZE_DEPTH: True
      ORIENTATION: [0.0, 0.0, 0.0]
      POSITION: [0, 0.88, 0]
      SENSOR_SUBTYPE: PINHOLE
      TYPE: HabitatSimDepthSensor
      WIDTH: 640
    EE_LINK_NAME: None
    EQUIRECT_DEPTH_SENSOR:
      HEIGHT: 480
      MAX_DEPTH: 10.0
      MIN_DEPTH: 0.0
      NORMALIZE_DEPTH: True
      ORIENTATION: [0.0, 0.0, 0.0]
      POSITION: [0, 1.25, 0]
      TYPE: HabitatSimEquirectangularDepthSensor
      WIDTH: 640
    EQUIRECT_RGB_SENSOR:
      HEIGHT: 480
      ORIENTATION: [0.0, 0.0, 0.0]
      POSITION: [0, 1.25, 0]
      TYPE: HabitatSimEquirectangularRGBSensor
      WIDTH: 640
    EQUIRECT_SEMANTIC_SENSOR:
      HEIGHT: 480
      ORIENTATION: [0.0, 0.0, 0.0]
      POSITION: [0, 1.25, 0]
      TYPE: HabitatSimEquirectangularSemanticSensor
      WIDTH: 640
    FISHEYE_DEPTH_SENSOR:
      ALPHA: 0.57
      FOCAL_LENGTH: [364.84, 364.86]
      HEIGHT: 480
      MAX_DEPTH: 10.0
      MIN_DEPTH: 0.0
      NORMALIZE_DEPTH: True
      ORIENTATION: [0.0, 0.0, 0.0]
      POSITION: [0, 1.25, 0]
      PRINCIPAL_POINT_OFFSET: None
      SENSOR_MODEL_TYPE: DOUBLE_SPHERE
      TYPE: HabitatSimFisheyeDepthSensor
      WIDTH: 640
      XI: -0.27
    FISHEYE_RGB_SENSOR:
      ALPHA: 0.57
      FOCAL_LENGTH: [364.84, 364.86]
      HEIGHT: 640
      ORIENTATION: [0.0, 0.0, 0.0]
      POSITION: [0, 1.25, 0]
      PRINCIPAL_POINT_OFFSET: None
      SENSOR_MODEL_TYPE: DOUBLE_SPHERE
      TYPE: HabitatSimFisheyeRGBSensor
      WIDTH: 640
      XI: -0.27
    FISHEYE_SEMANTIC_SENSOR:
      ALPHA: 0.57
      FOCAL_LENGTH: [364.84, 364.86]
      HEIGHT: 640
      ORIENTATION: [0.0, 0.0, 0.0]
      POSITION: [0, 1.25, 0]
      PRINCIPAL_POINT_OFFSET: None
      SENSOR_MODEL_TYPE: DOUBLE_SPHERE
      TYPE: HabitatSimFisheyeSemanticSensor
      WIDTH: 640
      XI: -0.27
    FORWARD_STEP_SIZE: 0.25
    GRASP_IMPULSE: 1000.0
    HABITAT_SIM_V0:
      ALLOW_SLIDING: False
      ENABLE_PHYSICS: False
      FRUSTUM_CULLING: True
      GPU_DEVICE_ID: 0
      GPU_GPU: False
      LEAVE_CONTEXT_WITH_BACKGROUND_RENDERER: False
      PHYSICS_CONFIG_FILE: ./data/default.physics_config.json
    HEAD_DEPTH_SENSOR:
      HEIGHT: 480
      HFOV: 90
      MAX_DEPTH: 10.0
      MIN_DEPTH: 0.0
      NORMALIZE_DEPTH: True
      ORIENTATION: [0.0, 0.0, 0.0]
      POSITION: [0, 1.25, 0]
      SENSOR_SUBTYPE: PINHOLE
      TYPE: HabitatSimDepthSensor
      UUID: robot_head_depth
      WIDTH: 640
    HEAD_RGB_SENSOR:
      HEIGHT: 480
      HFOV: 90
      ORIENTATION: [0.0, 0.0, 0.0]
      POSITION: [0, 1.25, 0]
      SENSOR_SUBTYPE: PINHOLE
      TYPE: HabitatSimRGBSensor
      UUID: robot_head_rgb
      WIDTH: 640
    HOLD_THRESH: 0.09
    IK_ARM_URDF: data/robots/hab_fetch/robots/fetch_onlyarm.urdf
    LAG_OBSERVATIONS: 0
    LOAD_OBJS: False
    NEEDS_MARKERS: True
    REQUIRES_TEXTURES: True
    RGB_SENSOR:
      HEIGHT: 480
      HFOV: 79
      ORIENTATION: [0.0, 0.0, 0.0]
      POSITION: [0, 0.88, 0]
      SENSOR_SUBTYPE: PINHOLE
      TYPE: HabitatSimRGBSensor
      WIDTH: 640
    ROBOT_JOINT_START_NOISE: 0.0
    ROBOT_TYPE: FetchRobot
    ROBOT_URDF: data/robots/hab_fetch/robots/hab_fetch.urdf
    SCENE: data/scene_datasets/habitat-test-scenes/van-gogh-room.glb
    SCENE_DATASET: default
    SEED: 100
    SEMANTIC_SENSOR:
      HEIGHT: 480
      HFOV: 79
      ORIENTATION: [0.0, 0.0, 0.0]
      POSITION: [0, 0.88, 0]
      SENSOR_SUBTYPE: PINHOLE
      TYPE: HabitatSimSemanticSensor
      WIDTH: 640
    STEP_PHYSICS: True
    THIRD_DEPTH_SENSOR:
      HEIGHT: 480
      HFOV: 90
      MAX_DEPTH: 10.0
      MIN_DEPTH: 0.0
      NORMALIZE_DEPTH: True
      ORIENTATION: [0.0, 0.0, 0.0]
      POSITION: [0, 1.25, 0]
      SENSOR_SUBTYPE: PINHOLE
      TYPE: HabitatSimDepthSensor
      UUID: robot_third_rgb
      WIDTH: 640
    THIRD_RGB_SENSOR:
      HEIGHT: 480
      HFOV: 90
      ORIENTATION: [0.0, 0.0, 0.0]
      POSITION: [0, 1.25, 0]
      SENSOR_SUBTYPE: PINHOLE
      TYPE: HabitatSimRGBSensor
      UUID: robot_third_rgb
      WIDTH: 640
    TILT_ANGLE: 30
    TURN_ANGLE: 30
    TYPE: Sim-v0
    UPDATE_ROBOT: True
  TASK:
    ABS_GOAL_SENSOR:
      DIMENSIONALITY: 3
      GOAL_FORMAT: CARTESIAN
      TYPE: AbsGoalSensor
    ABS_TARGET_START_SENSOR:
      DIMENSIONALITY: 3
      GOAL_FORMAT: CARTESIAN
      TYPE: AbsTargetStartSensor
    ACTIONS:
      ANSWER:
        TYPE: AnswerAction
      ARM_ACTION:
        ARM_CONTROLLER: ArmRelPosAction
        ARM_JOINT_DIMENSIONALITY: 7
        DELTA_POS_LIMIT: 0.0125
        DISABLE_GRIP: False
        EE_CTRL_LIM: 0.015
        GRASP_THRESH_DIST: 0.15
        GRIP_CONTROLLER: None
        ORACLE_GRASP: False
        RENDER_EE_TARGET: False
        SHOULD_CLIP: False
        TYPE: ArmAction
      BASE_VELOCITY:
        ALLOW_BACK: True
        ALLOW_DYN_SLIDE: True
        ANG_SPEED: 12.0
        END_ON_STOP: False
        LIN_SPEED: 12.0
        MIN_ABS_ANG_SPEED: 1.0
        MIN_ABS_LIN_SPEED: 1.0
        TYPE: BaseVelAction
      EMPTY:
        TYPE: EmptyAction
      LOOK_DOWN:
        TYPE: LookDownAction
      LOOK_UP:
        TYPE: LookUpAction
      MOVE_FORWARD:
        TYPE: MoveForwardAction
      REARRANGE_STOP:
        TYPE: RearrangeStopAction
      STOP:
        TYPE: StopAction
      TELEPORT:
        TYPE: TeleportAction
      TURN_LEFT:
        TYPE: TurnLeftAction
      TURN_RIGHT:
        TYPE: TurnRightAction
      VELOCITY_CONTROL:
        ANG_VEL_RANGE: [-10.0, 10.0]
        LIN_VEL_RANGE: [0.0, 0.25]
        MIN_ABS_ANG_SPEED: 1.0
        MIN_ABS_LIN_SPEED: 0.025
        TIME_STEP: 1.0
        TYPE: VelocityAction
    ANSWER_ACCURACY:
      TYPE: AnswerAccuracy
    ART_JOINT_SENSOR:
      TYPE: ArtJointSensor
    ART_JOINT_SENSOR_NO_VEL:
      TYPE: ArtJointSensorNoVel
    ART_OBJ_AT_DESIRED_STATE:
      SUCCESS_DIST_THRESHOLD: 0.05
      TYPE: ArtObjAtDesiredState
      USE_ABSOLUTE_DISTANCE: True
    ART_OBJ_REWARD:
      ART_AT_DESIRED_STATE_REWARD: 5.0
      ART_DIST_REWARD: 10.0
      CONSTRAINT_VIOLATE_PEN: 10.0
      DIST_REWARD: 1.0
      EE_DIST_REWARD: 10.0
      FORCE_END_PEN: 10.0
      FORCE_PEN: 0.0
      GRASP_REWARD: 0.0
      MARKER_DIST_REWARD: 0.0
      MAX_FORCE_PEN: 1.0
      TYPE: ArtObjReward
      WRONG_GRASP_END: False
      WRONG_GRASP_PEN: 5.0
    ART_OBJ_STATE:
      TYPE: ArtObjState
    ART_OBJ_SUCCESS:
      REST_DIST_THRESHOLD: 0.15
      TYPE: ArtObjSuccess
    ART_SUCC_THRESH: 0.15
    BAD_CALLED_TERMINATE:
      BAD_TERM_PEN: 0.0
      DECAY_BAD_TERM: False
      TYPE: BadCalledTerminate
    BASE_ANGLE_NOISE: 0.15
    BASE_NOISE: 0.05
    COLLISIONS:
      TYPE: Collisions
    COMPASS_SENSOR:
      TYPE: CompassSensor
    COMPOSITE_BAD_CALLED_TERMINATE:
      TYPE: CompositeBadCalledTerminate
    COMPOSITE_NODE_IDX:
      TYPE: CompositeNodeIdx
    COMPOSITE_REWARD:
      STAGE_COMPLETE_REWARD: 10.0
      SUCCESS_REWARD: 10.0
      TYPE: CompositeReward
    COMPOSITE_SUCCESS:
      TYPE: CompositeSuccess
    CONSTRAINT_VIOLATION_ENDS_EPISODE: True
    CORRECT_ANSWER:
      TYPE: CorrectAnswer
    COSTMAP_SENSOR:
      GRID_RES: 0.2
      HFOV: 79.0
      MAX_COST: 30.0
      MAX_DEPTH: 5.0
      MIN_DEPTH: 0.5
      NORMALIZE_DEPTH: True
      OUT_HEIGHT: 32
      OUT_WIDTH: 32
      SENSOR_HEIGHT: 0.88
      TYPE: CostmapSensor
    COUNT_OBJ_COLLISIONS: True
    COUNT_ROBOT_OBJ_COLLS: False
    DEBUG_GOAL_POINT: True
    DEBUG_SKIP_TO_NODE: -1
    DEMONSTRATION_SENSOR:
      TYPE: DemonstrationSensor
    DEMONSTRATION_SENSOR_UUID: next_actions
    DESIRED_RESTING_POSITION: []
    DID_PICK_OBJECT:
      TYPE: DidPickObjectMeasure
    DID_VIOLATE_HOLD_CONSTRAINT:
      TYPE: DidViolateHoldConstraintMeasure
    DISTANCE_TO_GOAL:
      DISTANCE_TO: VIEW_POINTS
      TYPE: DistanceToGoal
    DIST_TO_GOAL:
      TYPE: DistToGoal
    DIST_TO_NAV_GOAL:
      TYPE: DistToNavGoalSensor
    DOES_WANT_TERMINATE:
      TYPE: DoesWantTerminate
    EASY_INIT: False
    EE_DIST_TO_MARKER:
      TYPE: EndEffectorDistToMarker
    EE_EXCLUDE_REGION: 0.0
    EE_SAMPLE_FACTOR: 0.2
    END_EFFECTOR_SENSOR:
      TYPE: EEPositionSensor
    END_EFFECTOR_TO_OBJECT_DISTANCE:
      TYPE: EndEffectorToObjectDistance
    END_EFFECTOR_TO_REST_DISTANCE:
      TYPE: EndEffectorToRestDistance
    END_ON_SUCCESS: False
    EPISODE_INFO:
      TYPE: EpisodeInfo
    FILTER_NAV_TO_TASKS: []
    FORCE_REGENERATE: False
    FORCE_TERMINATE:
      MAX_ACCUM_FORCE: -1.0
      TYPE: ForceTerminate
    GOAL_SENSOR:
      DIMENSIONALITY: 3
      GOAL_FORMAT: CARTESIAN
      TYPE: GoalSensor
    GOAL_SENSOR_UUID: objectgoal
    GPS_SENSOR:
      DIMENSIONALITY: 2
      TYPE: GPSSensor
    HEADING_SENSOR:
      TYPE: HeadingSensor
    IMAGEGOAL_SENSOR:
      TYPE: ImageGoalSensor
    INFLECTION_WEIGHT_SENSOR:
      INFLECTION_COEF: 1.695062344794965
      TYPE: InflectionWeightSensor
    INFLECTION_WEIGHT_SENSOR_UUID: inflection_weight
    INSTRUCTION_SENSOR:
      TYPE: InstructionSensor
    INSTRUCTION_SENSOR_UUID: instruction
    IS_HOLDING_SENSOR:
      TYPE: IsHoldingSensor
    JOINT_MAX_IMPULSE: -1.0
    JOINT_SENSOR:
      DIMENSIONALITY: 7
      TYPE: JointSensor
    JOINT_VELOCITY_SENSOR:
      DIMENSIONALITY: 7
      TYPE: JointVelocitySensor
    LIMIT_TASK_LEN_SCALING: 0.0
    LIMIT_TASK_NODE: -1
    LOCALIZATION_SENSOR:
      TYPE: LocalizationSensor
    MARKER_REL_POS_SENSOR:
      TYPE: MarkerRelPosSensor
    MAX_COLLISIONS: -1.0
    MEASUREMENTS: ['DISTANCE_TO_GOAL', 'SUCCESS', 'SPL', 'SOFT_SPL', 'SPARSE_REWARD']
    MOVE_OBJECTS_REWARD:
      CONSTRAINT_VIOLATE_PEN: 10.0
      DIST_REWARD: 1.0
      FORCE_END_PEN: 10.0
      FORCE_PEN: 0.001
      MAX_FORCE_PEN: 1.0
      PICK_REWARD: 1.0
      SINGLE_REARRANGE_REWARD: 1.0
      SUCCESS_DIST: 0.15
      TYPE: MoveObjectsReward
    MUST_LOOK_AT_TARG: True
    NAV_GOAL_SENSOR:
      TYPE: NavGoalSensor
    NAV_TO_POS_SUCC:
      SUCCESS_DISTANCE: 0.2
      TYPE: NavToPosSucc
    NAV_TO_SKILL_SENSOR:
      NUM_SKILLS: 8
      TYPE: NavToSkillSensor
    NUM_STEPS:
      TYPE: NumStepsMeasure
    OBJECTGOAL_SENSOR:
      GOAL_SPEC: TASK_CATEGORY_ID
      GOAL_SPEC_MAX_VAL: 50
      TYPE: ObjectGoalSensor
    OBJECT_IN_HAND_SAMPLE_PROB: 0.167
    OBJECT_SENSOR:
      DIMENSIONALITY: 3
      GOAL_FORMAT: CARTESIAN
      TYPE: TargetCurrentSensor
    OBJECT_TO_GOAL_DISTANCE:
      TYPE: ObjectToGoalDistance
    OBJ_AT_GOAL:
      SUCC_THRESH: 0.15
      TYPE: ObjAtGoal
    OBJ_SUCC_THRESH: 0.3
    ORACLE_NAV_ACTION_SENSOR:
      TYPE: OracleNavigationActionSensor
    PDDL_DOMAIN_DEF: configs/tasks/rearrange/pddl/replica_cad_domain.yaml
    PICK_REWARD:
      COLLISION_PENALTY: 0.0
      COLL_PEN: 1.0
      CONSTRAINT_VIOLATE_PEN: 10.0
      DIST_REWARD: 20.0
      DROP_OBJ_SHOULD_END: False
      DROP_PEN: 5.0
      FORCE_END_PEN: 10.0
      FORCE_PEN: 0.001
      MAX_ACCUM_FORCE: 5000.0
      MAX_FORCE_PEN: 1.0
      PICK_REWARD: 20.0
      ROBOT_OBJ_COLLISION_PENALTY: 0.0
      ROBOT_OBJ_COLL_PEN: 0.0
      SUCC_REWARD: 10.0
      TYPE: RearrangePickReward
      USE_DIFF: True
      WRONG_PICK_PEN: 5.0
      WRONG_PICK_SHOULD_END: False
    PICK_SUCCESS:
      EE_RESTING_SUCCESS_THRESHOLD: 0.15
      TYPE: RearrangePickSuccess
    PLACE_REWARD:
      CONSTRAINT_VIOLATE_PEN: 10.0
      DIST_REWARD: 20.0
      DROP_PEN: 5.0
      FORCE_END_PEN: 10.0
      FORCE_PEN: 0.001
      MAX_FORCE_PEN: 1.0
      PLACE_REWARD: 20.0
      SUCC_REWARD: 10.0
      TYPE: PlaceReward
      USE_DIFF: True
      WRONG_DROP_SHOULD_END: False
    PLACE_SUCCESS:
      EE_RESTING_SUCCESS_THRESHOLD: 0.15
      TYPE: PlaceSuccess
    POINTGOAL_SENSOR:
      DIMENSIONALITY: 2
      GOAL_FORMAT: POLAR
      TYPE: PointGoalSensor
    POINTGOAL_WITH_GPS_COMPASS_SENSOR:
      DIMENSIONALITY: 2
      GOAL_FORMAT: POLAR
      TYPE: PointGoalWithGPSCompassSensor
    POSSIBLE_ACTIONS: ['STOP', 'MOVE_FORWARD', 'TURN_LEFT', 'TURN_RIGHT', 'LOOK_UP', 'LOOK_DOWN']
    PROXIMITY_SENSOR:
      MAX_DETECTION_RADIUS: 2.0
      TYPE: ProximitySensor
    QUESTION_SENSOR:
      TYPE: QuestionSensor
    REARRANGE_NAV_TO_OBJ_REWARD:
      ANGLE_DIST_REWARD: 1.0
      CONSTRAINT_VIOLATE_PEN: 10.0
      DIST_REWARD: 10.0
      FORCE_END_PEN: 10.0
      FORCE_PEN: 0.0
      MAX_FORCE_PEN: 1.0
      SHOULD_REWARD_TURN: True
      TURN_REWARD_DIST: 0.1
      TYPE: NavToObjReward
    REARRANGE_NAV_TO_OBJ_SUCCESS:
      HEURISTIC_STOP: False
      MUST_CALL_STOP: True
      MUST_LOOK_AT_TARG: True
      SUCCESS_ANGLE_DIST: 0.15
      TYPE: NavToObjSuccess
    REARRANGE_REACH_REWARD:
      DIFF_REWARD: True
      SCALE: 1.0
      SPARSE_REWARD: False
      TYPE: RearrangeReachReward
    REARRANGE_REACH_SUCCESS:
      SUCC_THRESH: 0.2
      TYPE: RearrangeReachSuccess
    RELATIVE_RESTING_POS_SENSOR:
      TYPE: RelativeRestingPositionSensor
    RENDER_TARGET: True
    RESTING_POS_SENSOR:
      TYPE: RestingPositionSensor
    REWARD_MEASURE: distance_to_goal
    REWARD_MEASUREMENT: 
    ROBOT_COLLS:
      TYPE: RobotCollisions
    ROBOT_FORCE:
      MIN_FORCE: 20.0
      TYPE: RobotForce
    ROT_DIST_TO_GOAL:
      TYPE: RotDistToGoal
    SENSORS: ['OBJECTGOAL_SENSOR', 'COMPASS_SENSOR', 'GPS_SENSOR', 'COSTMAP_SENSOR', 'DEMONSTRATION_SENSOR', 'INFLECTION_WEIGHT_SENSOR', 'DEMONSTRATION_SENSOR', 'INFLECTION_WEIGHT_SENSOR', 'DEMONSTRATION_SENSOR', 'INFLECTION_WEIGHT_SENSOR', 'DEMONSTRATION_SENSOR', 'INFLECTION_WEIGHT_SENSOR', 'DEMONSTRATION_SENSOR', 'INFLECTION_WEIGHT_SENSOR', 'DEMONSTRATION_SENSOR', 'INFLECTION_WEIGHT_SENSOR', 'DEMONSTRATION_SENSOR', 'INFLECTION_WEIGHT_SENSOR', 'DEMONSTRATION_SENSOR', 'INFLECTION_WEIGHT_SENSOR']
    SETTLE_STEPS: 5
    SHOULD_ENFORCE_TARGET_WITHIN_REACH: False
    SHOULD_SAVE_TO_CACHE: True
    SIMPLE_REWARD:
      ANGLE_SUCCESS_REWARD: 2.5
      ATG_REWARD_DISTANCE: 1.0
      SLACK_PENALTY: -0.01
      SUCCESS_REWARD: 2.5
      TYPE: SimpleReward
      USE_ATG_FIX: True
      USE_ATG_REWARD: True
      USE_DTG_REWARD: True
    SINGLE_EVAL_NODE: -1
    SKIP_NODES: ['move_obj']
    SLACK_REWARD: -0.01
    SOFT_SPL:
      TYPE: SoftSPL
    SPARSE_REWARD:
      SUCCESS_REWARD: 2.5
      TYPE: SparseReward
    SPAWN_REGION_SCALE: 0.2
    SPL:
      TYPE: SPL
    SUCCESS:
      SUCCESS_DISTANCE: 0.1
      TYPE: Success
    SUCCESS_DISTANCE: 0.1
    SUCCESS_MEASURE: success
    SUCCESS_MEASUREMENT: 
    SUCCESS_REWARD: 2.5
    SUCCESS_STATE: 0.0
    TARGET_GOAL_GPS_COMPASS_SENSOR:
      TYPE: TargetGoalGpsCompassSensor
    TARGET_START_GPS_COMPASS_SENSOR:
      TYPE: TargetStartGpsCompassSensor
    TARGET_START_POINT_GOAL_SENSOR:
      TYPE: TargetOrGoalStartPointGoalSensor
    TARGET_START_SENSOR:
      DIMENSIONALITY: 3
      GOAL_FORMAT: CARTESIAN
      TYPE: TargetStartSensor
    TASK_SPEC: nav_pick
    TASK_SPEC_BASE_PATH: configs/tasks/rearrange/pddl/
    TOP_DOWN_MAP:
      DRAW_BORDER: True
      DRAW_GOAL_AABBS: True
      DRAW_GOAL_POSITIONS: True
      DRAW_SHORTEST_PATH: True
      DRAW_SOURCE: True
      DRAW_VIEW_POINTS: True
      FOG_OF_WAR:
        DRAW: True
        FOV: 90
        VISIBILITY_DIST: 5.0
      MAP_PADDING: 3
      MAP_RESOLUTION: 1024
      MAX_EPISODE_STEPS: 1000
      TYPE: TopDownMap
    TYPE: ObjectNav-v2
    USE_MARKER_T: True
    USING_SUBTASKS: False
TENSORBOARD_DIR: tb/il_costmap_2ch_sp
TEST_EPISODE_COUNT: -1
TORCH_GPU_ID: 0
TOTAL_NUM_STEPS: -1.0
TRAINER_NAME: pirlnav-il
VERBOSE: True
VIDEO_DIR: video_dir
VIDEO_FPS: 10
VIDEO_OPTION: []
VIDEO_RENDER_ALL_INFO: False
VIDEO_RENDER_TOP_DOWN: True
WB:
  ENTITY: 
  GROUP: 
  PROJECT_NAME: pirlnav-baseline
  RUN_NAME: il_costmap_2ch_sp
WRITER_TYPE: wb
2026-07-19 09:47:12,275 Initializing dataset ObjectNav-v2
Gym has been unmaintained since 2022 and does not support NumPy 2.0 amongst other critical functionality.
Please upgrade to Gymnasium, the maintained drop-in replacement of Gym, or contact the authors of your software and request that they upgrade.
See the migration guide at https://gymnasium.farama.org/introduction/migration_guide/ for additional information.
2026-07-19 09:47:14,802 Initializing dataset ObjectNav-v2
Gym has been unmaintained since 2022 and does not support NumPy 2.0 amongst other critical functionality.
Please upgrade to Gymnasium, the maintained drop-in replacement of Gym, or contact the authors of your software and request that they upgrade.
See the migration guide at https://gymnasium.farama.org/introduction/migration_guide/ for additional information.
2026-07-19 09:47:14,853 Initializing dataset ObjectNav-v2
Gym has been unmaintained since 2022 and does not support NumPy 2.0 amongst other critical functionality.
Please upgrade to Gymnasium, the maintained drop-in replacement of Gym, or contact the authors of your software and request that they upgrade.
See the migration guide at https://gymnasium.farama.org/introduction/migration_guide/ for additional information.
2026-07-19 09:47:14,893 Initializing dataset ObjectNav-v2
Gym has been unmaintained since 2022 and does not support NumPy 2.0 amongst other critical functionality.
Please upgrade to Gymnasium, the maintained drop-in replacement of Gym, or contact the authors of your software and request that they upgrade.
See the migration guide at https://gymnasium.farama.org/introduction/migration_guide/ for additional information.
2026-07-19 09:47:14,905 Initializing dataset ObjectNav-v2
Gym has been unmaintained since 2022 and does not support NumPy 2.0 amongst other critical functionality.
Please upgrade to Gymnasium, the maintained drop-in replacement of Gym, or contact the authors of your software and request that they upgrade.
See the migration guide at https://gymnasium.farama.org/introduction/migration_guide/ for additional information.
2026-07-19 09:47:14,912 Initializing dataset ObjectNav-v2
Gym has been unmaintained since 2022 and does not support NumPy 2.0 amongst other critical functionality.
Please upgrade to Gymnasium, the maintained drop-in replacement of Gym, or contact the authors of your software and request that they upgrade.
See the migration guide at https://gymnasium.farama.org/introduction/migration_guide/ for additional information.
2026-07-19 09:47:14,935 Initializing dataset ObjectNav-v2
Gym has been unmaintained since 2022 and does not support NumPy 2.0 amongst other critical functionality.
Please upgrade to Gymnasium, the maintained drop-in replacement of Gym, or contact the authors of your software and request that they upgrade.
See the migration guide at https://gymnasium.farama.org/introduction/migration_guide/ for additional information.
2026-07-19 09:47:14,954 Initializing dataset ObjectNav-v2
Gym has been unmaintained since 2022 and does not support NumPy 2.0 amongst other critical functionality.
Please upgrade to Gymnasium, the maintained drop-in replacement of Gym, or contact the authors of your software and request that they upgrade.
See the migration guide at https://gymnasium.farama.org/introduction/migration_guide/ for additional information.
2026-07-19 09:47:14,963 Initializing dataset ObjectNav-v2
Gym has been unmaintained since 2022 and does not support NumPy 2.0 amongst other critical functionality.
Please upgrade to Gymnasium, the maintained drop-in replacement of Gym, or contact the authors of your software and request that they upgrade.
See the migration guide at https://gymnasium.farama.org/introduction/migration_guide/ for additional information.
2026-07-19 09:47:14,965 Initializing dataset ObjectNav-v2
Gym has been unmaintained since 2022 and does not support NumPy 2.0 amongst other critical functionality.
Please upgrade to Gymnasium, the maintained drop-in replacement of Gym, or contact the authors of your software and request that they upgrade.
See the migration guide at https://gymnasium.farama.org/introduction/migration_guide/ for additional information.
2026-07-19 09:47:14,972 Initializing dataset ObjectNav-v2
2026-07-19 09:47:16,880 initializing sim Sim-v0
2026-07-19 09:47:16,923 initializing sim Sim-v0
2026-07-19 09:47:16,995 initializing sim Sim-v0
2026-07-19 09:47:17,049 initializing sim Sim-v0
2026-07-19 09:47:17,054 initializing sim Sim-v0
2026-07-19 09:47:17,079 initializing sim Sim-v0
2026-07-19 09:47:17,309 initializing sim Sim-v0
2026-07-19 09:47:17,341 initializing sim Sim-v0
2026-07-19 09:47:17,416 initializing sim Sim-v0
2026-07-19 09:47:17,475 initializing sim Sim-v0
2026-07-19 09:47:18,669 Initializing task ObjectNav-v2
2026-07-19 09:47:18,855 Initializing task ObjectNav-v2
2026-07-19 09:47:19,036 Initializing task ObjectNav-v2
2026-07-19 09:47:19,086 Initializing task ObjectNav-v2
2026-07-19 09:47:19,201 Initializing task ObjectNav-v2
2026-07-19 09:47:19,288 Initializing task ObjectNav-v2
2026-07-19 09:47:19,460 Initializing task ObjectNav-v2
2026-07-19 09:47:19,506 Initializing task ObjectNav-v2
2026-07-19 09:47:19,533 Initializing task ObjectNav-v2
2026-07-19 09:47:19,840 Initializing task ObjectNav-v2
2026-07-19 09:47:20,214 Costmap encoder is resnet50
2026-07-19 09:47:20,215 Object categories: 6
2026-07-19 09:47:20,215 

Setting up Object Goal sensor
2026-07-19 09:47:20,215 State enc: 576 - 2048 - GRU - 2
2026-07-19 09:47:39,270 Visual Encoder params: 159
2026-07-19 09:47:39,270 Other params: 17
2026-07-19 09:47:39,531 agent number of parameters: 48560102
2026-07-19 09:47:39,816 Loading resume state: data/new_checkpoints/il_costmap_2ch_sp/.habitat-resume-state.pth
wandb: Using wandb-core as the SDK backend.  Please refer to https://wandb.me/wandb-core for more information.
wandb: Currently logged in as: jaiswalkhushi2911 (jaiswalkhushi2911-coep-technological-university-). Use `wandb login --relogin` to force relogin
wandb: Tracking run with wandb version 0.18.7
wandb: Run data is saved locally in /root/pirlnav/wandb/run-20260719_094741-n9rg9oef
wandb: Run `wandb offline` to turn off syncing.
wandb: Syncing run il_costmap_2ch_sp
wandb: ⭐️ View project at https://wandb.ai/jaiswalkhushi2911-coep-technological-university-/pirlnav-baseline
wandb: 🚀 View run at https://wandb.ai/jaiswalkhushi2911-coep-technological-university-/pirlnav-baseline/runs/n9rg9oef
/root/pirlnav/habitat-lab/habitat_baselines/rl/models/rnn_state_encoder.py:142: UserWarning: __floordiv__ is deprecated, and its behavior will change in a future version of pytorch. It currently rounds toward 0 (like the 'trunc' function NOT 'floor'). This results in incorrect rounding for negative values. To keep the current behavior, use torch.div(a, b, rounding_mode='trunc'), or for actual floor division, use torch.div(a, b, rounding_mode='floor').
  (episode_starts + (lengths - 1) * N) // N
2026-07-19 09:47:49,219 update: 8900	fps: 147.873	
2026-07-19 09:47:49,220 update: 8900	env-time: 12104.625s	pth-time: 6527.151s	frames: 2848000
2026-07-19 09:47:49,220 Average window size: 50  distance_to_goal: 0.044  reward: 1.000  softspl: 0.936  sparse_reward: 2.500  spl: 0.944  success: 1.000  action_accuracy: 0.719  action_ce_loss: 0.674  action_loss: 0.674  entropy: 0.671  top_1_action_accuracy: 0.719  top_3_action_accuracy: 0.997
2026-07-19 09:49:03,871 update: 8950	fps: 148.130	
2026-07-19 09:49:03,872 update: 8950	env-time: 12140.635s	pth-time: 6563.745s	frames: 2864000
2026-07-19 09:49:03,872 Average window size: 50  distance_to_goal: 0.047  reward: 1.000  softspl: 0.934  sparse_reward: 2.500  spl: 0.946  success: 1.000  action_accuracy: 0.728  action_ce_loss: 0.692  action_loss: 0.692  entropy: 0.764  top_1_action_accuracy: 0.728  top_3_action_accuracy: 0.991
2026-07-19 09:50:21,367 update: 9000	fps: 148.363	
2026-07-19 09:50:21,368 update: 9000	env-time: 12177.281s	pth-time: 6600.264s	frames: 2880000
2026-07-19 09:50:21,368 Average window size: 50  distance_to_goal: 0.048  reward: 1.000  softspl: 0.940  sparse_reward: 2.500  spl: 0.949  success: 1.000  action_accuracy: 0.712  action_ce_loss: 0.689  action_loss: 0.689  entropy: 0.775  top_1_action_accuracy: 0.712  top_3_action_accuracy: 0.991
2026-07-19 09:51:32,212 update: 9050	fps: 148.644	
2026-07-19 09:51:32,212 update: 9050	env-time: 12209.717s	pth-time: 6636.680s	frames: 2896000
2026-07-19 09:51:32,212 Average window size: 50  distance_to_goal: 0.046  reward: 1.000  softspl: 0.933  sparse_reward: 2.500  spl: 0.948  success: 1.000  action_accuracy: 0.709  action_ce_loss: 0.627  action_loss: 0.627  entropy: 0.710  top_1_action_accuracy: 0.709  top_3_action_accuracy: 0.988
2026-07-19 09:52:50,271 update: 9100	fps: 148.869	
2026-07-19 09:52:50,272 update: 9100	env-time: 12246.409s	pth-time: 6673.198s	frames: 2912000
2026-07-19 09:52:50,272 Average window size: 50  distance_to_goal: 0.044  reward: 1.000  softspl: 0.935  sparse_reward: 2.500  spl: 0.945  success: 1.000  action_accuracy: 0.731  action_ce_loss: 0.626  action_loss: 0.626  entropy: 0.640  top_1_action_accuracy: 0.731  top_3_action_accuracy: 0.991
2026-07-19 09:54:04,586 update: 9150	fps: 149.120	
2026-07-19 09:54:04,587 update: 9150	env-time: 12282.197s	pth-time: 6709.670s	frames: 2928000
2026-07-19 09:54:04,587 Average window size: 50  distance_to_goal: 0.085  reward: 0.997  softspl: 0.930  sparse_reward: 2.492  spl: 0.942  success: 0.997  action_accuracy: 0.694  action_ce_loss: 0.715  action_loss: 0.715  entropy: 0.668  top_1_action_accuracy: 0.694  top_3_action_accuracy: 0.981
2026-07-19 09:55:21,389 update: 9200	fps: 149.351	
2026-07-19 09:55:21,390 update: 9200	env-time: 12317.719s	pth-time: 6746.076s	frames: 2944000
2026-07-19 09:55:21,390 Average window size: 50  distance_to_goal: 0.047  reward: 1.000  softspl: 0.928  sparse_reward: 2.500  spl: 0.947  success: 1.000  action_accuracy: 0.700  action_ce_loss: 0.698  action_loss: 0.698  entropy: 0.678  top_1_action_accuracy: 0.700  top_3_action_accuracy: 0.988
2026-07-19 09:56:39,985 update: 9250	fps: 149.567	
2026-07-19 09:56:39,985 update: 9250	env-time: 12357.540s	pth-time: 6782.595s	frames: 2960000
2026-07-19 09:56:39,985 Average window size: 50  distance_to_goal: 0.047  reward: 1.000  softspl: 0.915  sparse_reward: 2.500  spl: 0.950  success: 1.000  action_accuracy: 0.694  action_ce_loss: 0.699  action_loss: 0.699  entropy: 0.722  top_1_action_accuracy: 0.694  top_3_action_accuracy: 0.962
2026-07-19 09:57:57,453 update: 9300	fps: 149.789	
2026-07-19 09:57:57,453 update: 9300	env-time: 12394.262s	pth-time: 6819.032s	frames: 2976000
2026-07-19 09:57:57,454 Average window size: 50  distance_to_goal: 0.045  reward: 1.000  softspl: 0.930  sparse_reward: 2.500  spl: 0.951  success: 1.000  action_accuracy: 0.738  action_ce_loss: 0.595  action_loss: 0.595  entropy: 0.582  top_1_action_accuracy: 0.738  top_3_action_accuracy: 0.984
2026-07-19 09:59:17,846 update: 9350	fps: 149.987	
2026-07-19 09:59:17,847 update: 9350	env-time: 12435.888s	pth-time: 6855.652s	frames: 2992000
2026-07-19 09:59:17,847 Average window size: 50  distance_to_goal: 0.046  reward: 1.000  softspl: 0.930  sparse_reward: 2.500  spl: 0.952  success: 1.000  action_accuracy: 0.766  action_ce_loss: 0.590  action_loss: 0.590  entropy: 0.638  top_1_action_accuracy: 0.766  top_3_action_accuracy: 0.994
2026-07-19 10:00:37,654 update: 9400	fps: 150.188	
2026-07-19 10:00:37,655 update: 9400	env-time: 12474.325s	pth-time: 6892.304s	frames: 3008000
2026-07-19 10:00:37,655 Average window size: 50  distance_to_goal: 0.047  reward: 1.000  softspl: 0.929  sparse_reward: 2.500  spl: 0.951  success: 1.000  action_accuracy: 0.747  action_ce_loss: 0.642  action_loss: 0.642  entropy: 0.698  top_1_action_accuracy: 0.747  top_3_action_accuracy: 0.991
2026-07-19 10:01:57,998 update: 9450	fps: 150.384	
2026-07-19 10:01:57,998 update: 9450	env-time: 12515.774s	pth-time: 6928.911s	frames: 3024000
2026-07-19 10:01:57,999 Average window size: 50  distance_to_goal: 0.047  reward: 1.000  softspl: 0.925  sparse_reward: 2.500  spl: 0.950  success: 1.000  action_accuracy: 0.684  action_ce_loss: 0.731  action_loss: 0.731  entropy: 0.718  top_1_action_accuracy: 0.684  top_3_action_accuracy: 0.962
2026-07-19 10:03:24,066 update: 9500	fps: 150.535	
2026-07-19 10:03:24,067 update: 9500	env-time: 12560.804s	pth-time: 6965.564s	frames: 3040000
2026-07-19 10:03:24,067 Average window size: 50  distance_to_goal: 0.045  reward: 1.000  softspl: 0.921  sparse_reward: 2.500  spl: 0.949  success: 1.000  action_accuracy: 0.675  action_ce_loss: 0.705  action_loss: 0.705  entropy: 0.712  top_1_action_accuracy: 0.675  top_3_action_accuracy: 0.969
2026-07-19 10:04:49,794 update: 9550	fps: 150.688	
2026-07-19 10:04:49,795 update: 9550	env-time: 12607.586s	pth-time: 7002.121s	frames: 3056000
2026-07-19 10:04:49,795 Average window size: 50  distance_to_goal: 0.047  reward: 1.000  softspl: 0.933  sparse_reward: 2.500  spl: 0.947  success: 1.000  action_accuracy: 0.675  action_ce_loss: 0.720  action_loss: 0.720  entropy: 0.650  top_1_action_accuracy: 0.675  top_3_action_accuracy: 0.991
2026-07-19 10:06:16,524 update: 9600	fps: 150.832	
2026-07-19 10:06:16,524 update: 9600	env-time: 12653.229s	pth-time: 7038.706s	frames: 3072000
2026-07-19 10:06:16,525 Average window size: 50  distance_to_goal: 0.045  reward: 1.000  softspl: 0.940  sparse_reward: 2.500  spl: 0.949  success: 1.000  action_accuracy: 0.694  action_ce_loss: 0.691  action_loss: 0.691  entropy: 0.675  top_1_action_accuracy: 0.694  top_3_action_accuracy: 0.984
2026-07-19 10:07:52,339 update: 9650	fps: 150.907	
2026-07-19 10:07:52,339 update: 9650	env-time: 12710.000s	pth-time: 7075.394s	frames: 3088000
2026-07-19 10:07:52,339 Average window size: 50  distance_to_goal: 0.046  reward: 1.000  softspl: 0.934  sparse_reward: 2.500  spl: 0.949  success: 1.000  action_accuracy: 0.722  action_ce_loss: 0.702  action_loss: 0.702  entropy: 0.750  top_1_action_accuracy: 0.722  top_3_action_accuracy: 0.978
2026-07-19 10:09:34,451 update: 9700	fps: 150.936	
2026-07-19 10:09:34,451 update: 9700	env-time: 12770.628s	pth-time: 7112.148s	frames: 3104000
2026-07-19 10:09:34,452 Average window size: 50  distance_to_goal: 0.048  reward: 1.000  softspl: 0.935  sparse_reward: 2.500  spl: 0.950  success: 1.000  action_accuracy: 0.712  action_ce_loss: 0.676  action_loss: 0.676  entropy: 0.732  top_1_action_accuracy: 0.712  top_3_action_accuracy: 0.988
2026-07-19 10:11:04,346 update: 9750	fps: 151.054	
2026-07-19 10:11:04,346 update: 9750	env-time: 12821.449s	pth-time: 7148.894s	frames: 3120000
2026-07-19 10:11:04,346 Average window size: 50  distance_to_goal: 0.047  reward: 1.000  softspl: 0.931  sparse_reward: 2.500  spl: 0.949  success: 1.000  action_accuracy: 0.753  action_ce_loss: 0.581  action_loss: 0.581  entropy: 0.591  top_1_action_accuracy: 0.753  top_3_action_accuracy: 0.988
2026-07-19 10:12:34,549 update: 9800	fps: 151.168	
2026-07-19 10:12:34,549 update: 9800	env-time: 12870.017s	pth-time: 7185.485s	frames: 3136000
2026-07-19 10:12:34,550 Average window size: 50  distance_to_goal: 0.045  reward: 1.000  softspl: 0.933  sparse_reward: 2.500  spl: 0.950  success: 1.000  action_accuracy: 0.678  action_ce_loss: 0.701  action_loss: 0.701  entropy: 0.628  top_1_action_accuracy: 0.678  top_3_action_accuracy: 0.984
2026-07-19 10:14:01,378 update: 9850	fps: 151.306	
2026-07-19 10:14:01,379 update: 9850	env-time: 12917.903s	pth-time: 7222.091s	frames: 3152000
2026-07-19 10:14:01,379 Average window size: 50  distance_to_goal: 0.045  reward: 1.000  softspl: 0.941  sparse_reward: 2.500  spl: 0.949  success: 1.000  action_accuracy: 0.700  action_ce_loss: 0.712  action_loss: 0.712  entropy: 0.702  top_1_action_accuracy: 0.700  top_3_action_accuracy: 0.972
2026-07-19 10:15:33,181 update: 9900	fps: 151.407	
2026-07-19 10:15:33,182 update: 9900	env-time: 12968.330s	pth-time: 7258.844s	frames: 3168000
2026-07-19 10:15:33,182 Average window size: 50  distance_to_goal: 0.046  reward: 1.000  softspl: 0.936  sparse_reward: 2.500  spl: 0.943  success: 1.000  action_accuracy: 0.691  action_ce_loss: 0.677  action_loss: 0.677  entropy: 0.705  top_1_action_accuracy: 0.691  top_3_action_accuracy: 0.975
2026-07-19 10:17:00,529 update: 9950	fps: 151.539	
2026-07-19 10:17:00,530 update: 9950	env-time: 13016.831s	pth-time: 7295.451s	frames: 3184000
2026-07-19 10:17:00,530 Average window size: 50  distance_to_goal: 0.047  reward: 1.000  softspl: 0.940  sparse_reward: 2.500  spl: 0.947  success: 1.000  action_accuracy: 0.697  action_ce_loss: 0.682  action_loss: 0.682  entropy: 0.669  top_1_action_accuracy: 0.697  top_3_action_accuracy: 0.975
2026-07-19 10:18:30,128 update: 10000	fps: 151.654	
2026-07-19 10:18:30,129 update: 10000	env-time: 13066.208s	pth-time: 7332.154s	frames: 3200000
2026-07-19 10:18:30,129 Average window size: 50  distance_to_goal: 0.086  reward: 0.994  softspl: 0.933  sparse_reward: 2.485  spl: 0.940  success: 0.994  action_accuracy: 0.769  action_ce_loss: 0.584  action_loss: 0.584  entropy: 0.672  top_1_action_accuracy: 0.769  top_3_action_accuracy: 0.988
2026-07-19 10:19:55,868 update: 10050	fps: 151.795	
2026-07-19 10:19:55,868 update: 10050	env-time: 13112.178s	pth-time: 7368.876s	frames: 3216000
2026-07-19 10:19:55,868 Average window size: 50  distance_to_goal: 0.047  reward: 1.000  softspl: 0.934  sparse_reward: 2.500  spl: 0.945  success: 1.000  action_accuracy: 0.700  action_ce_loss: 0.694  action_loss: 0.694  entropy: 0.663  top_1_action_accuracy: 0.700  top_3_action_accuracy: 0.984
2026-07-19 10:21:32,425 update: 10100	fps: 151.859	
2026-07-19 10:21:32,426 update: 10100	env-time: 13167.156s	pth-time: 7405.709s	frames: 3232000
2026-07-19 10:21:32,426 Average window size: 50  distance_to_goal: 0.047  reward: 1.000  softspl: 0.938  sparse_reward: 2.500  spl: 0.946  success: 1.000  action_accuracy: 0.691  action_ce_loss: 0.701  action_loss: 0.701  entropy: 0.684  top_1_action_accuracy: 0.691  top_3_action_accuracy: 0.994
2026-07-19 10:22:55,810 update: 10150	fps: 152.015	
2026-07-19 10:22:55,811 update: 10150	env-time: 13211.762s	pth-time: 7442.236s	frames: 3248000
2026-07-19 10:22:55,811 Average window size: 50  distance_to_goal: 0.045  reward: 1.000  softspl: 0.938  sparse_reward: 2.500  spl: 0.946  success: 1.000  action_accuracy: 0.684  action_ce_loss: 0.687  action_loss: 0.687  entropy: 0.741  top_1_action_accuracy: 0.684  top_3_action_accuracy: 0.981
2026-07-19 10:24:32,567 update: 10200	fps: 152.075	
2026-07-19 10:24:32,567 update: 10200	env-time: 13267.008s	pth-time: 7478.988s	frames: 3264000
2026-07-19 10:24:32,567 Average window size: 50  distance_to_goal: 0.048  reward: 1.000  softspl: 0.941  sparse_reward: 2.500  spl: 0.950  success: 1.000  action_accuracy: 0.750  action_ce_loss: 0.611  action_loss: 0.611  entropy: 0.675  top_1_action_accuracy: 0.750  top_3_action_accuracy: 0.991
2026-07-19 10:25:57,778 update: 10250	fps: 152.216	
2026-07-19 10:25:57,778 update: 10250	env-time: 13313.327s	pth-time: 7515.568s	frames: 3280000
2026-07-19 10:25:57,779 Average window size: 50  distance_to_goal: 0.048  reward: 1.000  softspl: 0.943  sparse_reward: 2.500  spl: 0.952  success: 1.000  action_accuracy: 0.706  action_ce_loss: 0.685  action_loss: 0.685  entropy: 0.740  top_1_action_accuracy: 0.706  top_3_action_accuracy: 0.981
2026-07-19 10:27:21,638 update: 10300	fps: 152.366	
2026-07-19 10:27:21,639 update: 10300	env-time: 13355.912s	pth-time: 7552.237s	frames: 3296000
2026-07-19 10:27:21,639 Average window size: 50  distance_to_goal: 0.047  reward: 1.000  softspl: 0.940  sparse_reward: 2.500  spl: 0.952  success: 1.000  action_accuracy: 0.725  action_ce_loss: 0.679  action_loss: 0.679  entropy: 0.635  top_1_action_accuracy: 0.725  top_3_action_accuracy: 0.991
2026-07-19 10:28:41,620 update: 10350	fps: 152.541	
2026-07-19 10:28:41,621 update: 10350	env-time: 13397.046s	pth-time: 7588.814s	frames: 3312000
2026-07-19 10:28:41,621 Average window size: 50  distance_to_goal: 0.047  reward: 1.000  softspl: 0.935  sparse_reward: 2.500  spl: 0.950  success: 1.000  action_accuracy: 0.709  action_ce_loss: 0.699  action_loss: 0.699  entropy: 0.609  top_1_action_accuracy: 0.709  top_3_action_accuracy: 0.988
2026-07-19 10:30:01,878 update: 10400	fps: 152.714	
2026-07-19 10:30:01,879 update: 10400	env-time: 13435.900s	pth-time: 7625.328s	frames: 3328000
2026-07-19 10:30:01,879 Average window size: 50  distance_to_goal: 0.047  reward: 1.000  softspl: 0.932  sparse_reward: 2.500  spl: 0.951  success: 1.000  action_accuracy: 0.675  action_ce_loss: 0.713  action_loss: 0.713  entropy: 0.686  top_1_action_accuracy: 0.675  top_3_action_accuracy: 0.981
2026-07-19 10:31:23,100 update: 10450	fps: 152.878	
2026-07-19 10:31:23,101 update: 10450	env-time: 13478.473s	pth-time: 7661.862s	frames: 3344000
2026-07-19 10:31:23,101 Average window size: 50  distance_to_goal: 0.046  reward: 1.000  softspl: 0.924  sparse_reward: 2.500  spl: 0.950  success: 1.000  action_accuracy: 0.716  action_ce_loss: 0.628  action_loss: 0.628  entropy: 0.688  top_1_action_accuracy: 0.716  top_3_action_accuracy: 0.984
2026-07-19 10:32:45,422 update: 10500	fps: 153.034	
2026-07-19 10:32:45,423 update: 10500	env-time: 13519.807s	pth-time: 7698.441s	frames: 3360000
2026-07-19 10:32:45,423 Average window size: 50  distance_to_goal: 0.048  reward: 1.000  softspl: 0.923  sparse_reward: 2.500  spl: 0.951  success: 1.000  action_accuracy: 0.738  action_ce_loss: 0.624  action_loss: 0.624  entropy: 0.653  top_1_action_accuracy: 0.738  top_3_action_accuracy: 0.991
2026-07-19 10:34:02,089 update: 10550	fps: 153.227	
2026-07-19 10:34:02,089 update: 10550	env-time: 13557.811s	pth-time: 7735.035s	frames: 3376000
2026-07-19 10:34:02,090 Average window size: 50  distance_to_goal: 0.044  reward: 1.000  softspl: 0.926  sparse_reward: 2.500  spl: 0.948  success: 1.000  action_accuracy: 0.681  action_ce_loss: 0.715  action_loss: 0.715  entropy: 0.657  top_1_action_accuracy: 0.681  top_3_action_accuracy: 0.984
2026-07-19 10:35:21,655 update: 10600	fps: 153.400	
2026-07-19 10:35:21,655 update: 10600	env-time: 13596.597s	pth-time: 7771.577s	frames: 3392000
2026-07-19 10:35:21,655 Average window size: 50  distance_to_goal: 0.047  reward: 1.000  softspl: 0.937  sparse_reward: 2.500  spl: 0.949  success: 1.000  action_accuracy: 0.741  action_ce_loss: 0.602  action_loss: 0.602  entropy: 0.662  top_1_action_accuracy: 0.741  top_3_action_accuracy: 0.981
2026-07-19 10:36:33,970 update: 10650	fps: 153.621	
2026-07-19 10:36:33,971 update: 10650	env-time: 13630.465s	pth-time: 7807.943s	frames: 3408000
2026-07-19 10:36:33,971 Average window size: 50  distance_to_goal: 0.048  reward: 1.000  softspl: 0.941  sparse_reward: 2.500  spl: 0.951  success: 1.000  action_accuracy: 0.663  action_ce_loss: 0.770  action_loss: 0.770  entropy: 0.659  top_1_action_accuracy: 0.663  top_3_action_accuracy: 0.988
2026-07-19 10:37:59,711 update: 10700	fps: 153.748	
2026-07-19 10:37:59,712 update: 10700	env-time: 13675.107s	pth-time: 7844.453s	frames: 3424000
2026-07-19 10:37:59,712 Average window size: 50  distance_to_goal: 0.048  reward: 1.000  softspl: 0.941  sparse_reward: 2.500  spl: 0.950  success: 1.000  action_accuracy: 0.716  action_ce_loss: 0.588  action_loss: 0.588  entropy: 0.640  top_1_action_accuracy: 0.716  top_3_action_accuracy: 0.991
2026-07-19 10:39:23,743 update: 10750	fps: 153.885	
2026-07-19 10:39:23,744 update: 10750	env-time: 13720.563s	pth-time: 7880.896s	frames: 3440000
2026-07-19 10:39:23,744 Average window size: 50  distance_to_goal: 0.046  reward: 1.000  softspl: 0.939  sparse_reward: 2.500  spl: 0.947  success: 1.000  action_accuracy: 0.650  action_ce_loss: 0.728  action_loss: 0.728  entropy: 0.634  top_1_action_accuracy: 0.650  top_3_action_accuracy: 0.991
2026-07-19 10:40:48,662 update: 10800	fps: 154.016	
2026-07-19 10:40:48,662 update: 10800	env-time: 13764.275s	pth-time: 7917.312s	frames: 3456000
2026-07-19 10:40:48,662 Average window size: 50  distance_to_goal: 0.045  reward: 1.000  softspl: 0.937  sparse_reward: 2.500  spl: 0.948  success: 1.000  action_accuracy: 0.703  action_ce_loss: 0.719  action_loss: 0.719  entropy: 0.662  top_1_action_accuracy: 0.703  top_3_action_accuracy: 0.978
2026-07-19 10:42:05,127 update: 10850	fps: 154.204	
2026-07-19 10:42:05,128 update: 10850	env-time: 13802.231s	pth-time: 7953.761s	frames: 3472000
2026-07-19 10:42:05,129 Average window size: 50  distance_to_goal: 0.046  reward: 1.000  softspl: 0.937  sparse_reward: 2.500  spl: 0.949  success: 1.000  action_accuracy: 0.725  action_ce_loss: 0.653  action_loss: 0.653  entropy: 0.670  top_1_action_accuracy: 0.725  top_3_action_accuracy: 0.988
2026-07-19 10:43:38,430 update: 10900	fps: 154.275	
2026-07-19 10:43:38,431 update: 10900	env-time: 13854.682s	pth-time: 7990.180s	frames: 3488000
2026-07-19 10:43:38,431 Average window size: 50  distance_to_goal: 0.048  reward: 1.000  softspl: 0.941  sparse_reward: 2.500  spl: 0.954  success: 1.000  action_accuracy: 0.697  action_ce_loss: 0.655  action_loss: 0.655  entropy: 0.642  top_1_action_accuracy: 0.697  top_3_action_accuracy: 0.988
2026-07-19 10:44:54,017 update: 10950	fps: 154.466	
2026-07-19 10:44:54,018 update: 10950	env-time: 13891.820s	pth-time: 8026.525s	frames: 3504000
2026-07-19 10:44:54,018 Average window size: 50  distance_to_goal: 0.048  reward: 1.000  softspl: 0.937  sparse_reward: 2.500  spl: 0.953  success: 1.000  action_accuracy: 0.700  action_ce_loss: 0.670  action_loss: 0.670  entropy: 0.645  top_1_action_accuracy: 0.700  top_3_action_accuracy: 0.994
2026-07-19 10:46:08,783 update: 11000	fps: 154.662	
2026-07-19 10:46:08,784 update: 11000	env-time: 13926.906s	pth-time: 8062.868s	frames: 3520000
2026-07-19 10:46:08,784 Average window size: 50  distance_to_goal: 0.047  reward: 1.000  softspl: 0.930  sparse_reward: 2.500  spl: 0.951  success: 1.000  action_accuracy: 0.709  action_ce_loss: 0.678  action_loss: 0.678  entropy: 0.723  top_1_action_accuracy: 0.709  top_3_action_accuracy: 0.984
2026-07-19 10:47:21,872 update: 11050	fps: 154.868	
2026-07-19 10:47:21,872 update: 11050	env-time: 13961.579s	pth-time: 8099.189s	frames: 3536000
2026-07-19 10:47:21,872 Average window size: 50  distance_to_goal: 0.051  reward: 1.000  softspl: 0.944  sparse_reward: 2.500  spl: 0.954  success: 1.000  action_accuracy: 0.738  action_ce_loss: 0.636  action_loss: 0.636  entropy: 0.684  top_1_action_accuracy: 0.738  top_3_action_accuracy: 0.984
2026-07-19 10:48:36,119 update: 11100	fps: 155.064	
2026-07-19 10:48:36,119 update: 11100	env-time: 13995.975s	pth-time: 8135.725s	frames: 3552000
2026-07-19 10:48:36,119 Average window size: 50  distance_to_goal: 0.046  reward: 1.000  softspl: 0.927  sparse_reward: 2.500  spl: 0.951  success: 1.000  action_accuracy: 0.716  action_ce_loss: 0.620  action_loss: 0.620  entropy: 0.609  top_1_action_accuracy: 0.716  top_3_action_accuracy: 0.984
2026-07-19 10:49:48,141 update: 11150	fps: 155.274	
2026-07-19 10:49:48,142 update: 11150	env-time: 14029.724s	pth-time: 8172.025s	frames: 3568000
2026-07-19 10:49:48,142 Average window size: 50  distance_to_goal: 0.046  reward: 1.000  softspl: 0.886  sparse_reward: 2.500  spl: 0.952  success: 1.000  action_accuracy: 0.753  action_ce_loss: 0.598  action_loss: 0.598  entropy: 0.644  top_1_action_accuracy: 0.753  top_3_action_accuracy: 0.984
2026-07-19 10:51:01,907 update: 11200	fps: 155.472	
2026-07-19 10:51:01,907 update: 11200	env-time: 14062.721s	pth-time: 8208.329s	frames: 3584000
2026-07-19 10:51:01,907 Average window size: 50  distance_to_goal: 0.048  reward: 1.000  softspl: 0.887  sparse_reward: 2.500  spl: 0.953  success: 1.000  action_accuracy: 0.706  action_ce_loss: 0.625  action_loss: 0.625  entropy: 0.702  top_1_action_accuracy: 0.706  top_3_action_accuracy: 0.984
2026-07-19 10:52:17,620 update: 11250	fps: 155.654	
2026-07-19 10:52:17,621 update: 11250	env-time: 14099.983s	pth-time: 8244.691s	frames: 3600000
2026-07-19 10:52:17,621 Average window size: 50  distance_to_goal: 0.047  reward: 1.000  softspl: 0.890  sparse_reward: 2.500  spl: 0.951  success: 1.000  action_accuracy: 0.738  action_ce_loss: 0.584  action_loss: 0.584  entropy: 0.679  top_1_action_accuracy: 0.738  top_3_action_accuracy: 0.994
2026-07-19 10:53:42,118 update: 11300	fps: 155.777	
2026-07-19 10:53:42,119 update: 11300	env-time: 14143.526s	pth-time: 8281.224s	frames: 3616000
2026-07-19 10:53:42,119 Average window size: 50  distance_to_goal: 0.046  reward: 1.000  softspl: 0.882  sparse_reward: 2.500  spl: 0.949  success: 1.000  action_accuracy: 0.734  action_ce_loss: 0.592  action_loss: 0.592  entropy: 0.566  top_1_action_accuracy: 0.734  top_3_action_accuracy: 0.991
2026-07-19 10:55:10,641 update: 11350	fps: 155.872	
2026-07-19 10:55:10,642 update: 11350	env-time: 14193.149s	pth-time: 8317.835s	frames: 3632000
2026-07-19 10:55:10,642 Average window size: 50  distance_to_goal: 0.045  reward: 1.000  softspl: 0.871  sparse_reward: 2.500  spl: 0.952  success: 1.000  action_accuracy: 0.716  action_ce_loss: 0.615  action_loss: 0.615  entropy: 0.599  top_1_action_accuracy: 0.716  top_3_action_accuracy: 0.984
2026-07-19 10:56:38,055 update: 11400	fps: 155.973	
2026-07-19 10:56:38,055 update: 11400	env-time: 14239.641s	pth-time: 8354.382s	frames: 3648000
2026-07-19 10:56:38,056 Average window size: 50  distance_to_goal: 0.044  reward: 1.000  softspl: 0.886  sparse_reward: 2.500  spl: 0.950  success: 1.000  action_accuracy: 0.694  action_ce_loss: 0.738  action_loss: 0.738  entropy: 0.736  top_1_action_accuracy: 0.694  top_3_action_accuracy: 0.975
2026-07-19 10:58:04,089 update: 11450	fps: 156.083	
2026-07-19 10:58:04,089 update: 11450	env-time: 14286.711s	pth-time: 8391.047s	frames: 3664000
2026-07-19 10:58:04,089 Average window size: 50  distance_to_goal: 0.046  reward: 1.000  softspl: 0.914  sparse_reward: 2.500  spl: 0.949  success: 1.000  action_accuracy: 0.722  action_ce_loss: 0.635  action_loss: 0.635  entropy: 0.711  top_1_action_accuracy: 0.722  top_3_action_accuracy: 0.972
2026-07-19 10:59:27,286 update: 11500	fps: 156.211	
2026-07-19 10:59:27,287 update: 11500	env-time: 14328.984s	pth-time: 8427.599s	frames: 3680000
2026-07-19 10:59:27,287 Average window size: 50  distance_to_goal: 0.046  reward: 1.000  softspl: 0.940  sparse_reward: 2.500  spl: 0.948  success: 1.000  action_accuracy: 0.756  action_ce_loss: 0.611  action_loss: 0.611  entropy: 0.706  top_1_action_accuracy: 0.756  top_3_action_accuracy: 0.994
2026-07-19 11:00:52,895 update: 11550	fps: 156.322	
2026-07-19 11:00:52,895 update: 11550	env-time: 14375.635s	pth-time: 8464.276s	frames: 3696000
2026-07-19 11:00:52,895 Average window size: 50  distance_to_goal: 0.047  reward: 1.000  softspl: 0.935  sparse_reward: 2.500  spl: 0.947  success: 1.000  action_accuracy: 0.747  action_ce_loss: 0.589  action_loss: 0.589  entropy: 0.590  top_1_action_accuracy: 0.747  top_3_action_accuracy: 0.991
2026-07-19 11:02:14,529 update: 11600	fps: 156.459	
2026-07-19 11:02:14,529 update: 11600	env-time: 14416.260s	pth-time: 8500.827s	frames: 3712000
2026-07-19 11:02:14,530 Average window size: 50  distance_to_goal: 0.047  reward: 1.000  softspl: 0.925  sparse_reward: 2.500  spl: 0.949  success: 1.000  action_accuracy: 0.753  action_ce_loss: 0.577  action_loss: 0.577  entropy: 0.566  top_1_action_accuracy: 0.753  top_3_action_accuracy: 0.994
2026-07-19 11:03:35,762 update: 11650	fps: 156.597	
2026-07-19 11:03:35,763 update: 11650	env-time: 14458.578s	pth-time: 8537.658s	frames: 3728000
2026-07-19 11:03:35,763 Average window size: 50  distance_to_goal: 0.046  reward: 1.000  softspl: 0.929  sparse_reward: 2.500  spl: 0.945  success: 1.000  action_accuracy: 0.756  action_ce_loss: 0.527  action_loss: 0.527  entropy: 0.548  top_1_action_accuracy: 0.756  top_3_action_accuracy: 0.994
2026-07-19 11:04:56,197 update: 11700	fps: 156.740	
2026-07-19 11:04:56,197 update: 11700	env-time: 14498.042s	pth-time: 8574.247s	frames: 3744000
2026-07-19 11:04:56,197 Average window size: 50  distance_to_goal: 0.047  reward: 1.000  softspl: 0.932  sparse_reward: 2.500  spl: 0.950  success: 1.000  action_accuracy: 0.759  action_ce_loss: 0.585  action_loss: 0.585  entropy: 0.660  top_1_action_accuracy: 0.759  top_3_action_accuracy: 0.988
2026-07-19 11:06:17,944 update: 11750	fps: 156.873	
2026-07-19 11:06:17,945 update: 11750	env-time: 14540.941s	pth-time: 8610.863s	frames: 3760000
2026-07-19 11:06:17,945 Average window size: 50  distance_to_goal: 0.048  reward: 1.000  softspl: 0.925  sparse_reward: 2.500  spl: 0.948  success: 1.000  action_accuracy: 0.728  action_ce_loss: 0.640  action_loss: 0.640  entropy: 0.694  top_1_action_accuracy: 0.728  top_3_action_accuracy: 0.984
2026-07-19 11:07:36,946 update: 11800	fps: 157.023	
2026-07-19 11:07:36,947 update: 11800	env-time: 14578.974s	pth-time: 8647.410s	frames: 3776000
2026-07-19 11:07:36,947 Average window size: 50  distance_to_goal: 0.045  reward: 1.000  softspl: 0.936  sparse_reward: 2.500  spl: 0.949  success: 1.000  action_accuracy: 0.762  action_ce_loss: 0.575  action_loss: 0.575  entropy: 0.657  top_1_action_accuracy: 0.762  top_3_action_accuracy: 0.991
2026-07-19 11:08:51,410 update: 11850	fps: 157.201	
2026-07-19 11:08:51,410 update: 11850	env-time: 14614.932s	pth-time: 8683.801s	frames: 3792000
2026-07-19 11:08:51,411 Average window size: 50  distance_to_goal: 0.047  reward: 1.000  softspl: 0.935  sparse_reward: 2.500  spl: 0.948  success: 1.000  action_accuracy: 0.706  action_ce_loss: 0.630  action_loss: 0.630  entropy: 0.593  top_1_action_accuracy: 0.706  top_3_action_accuracy: 0.991
2026-07-19 11:10:09,056 update: 11900	fps: 157.358	
2026-07-19 11:10:09,056 update: 11900	env-time: 14652.865s	pth-time: 8720.273s	frames: 3808000
2026-07-19 11:10:09,056 Average window size: 50  distance_to_goal: 0.048  reward: 1.000  softspl: 0.921  sparse_reward: 2.500  spl: 0.949  success: 1.000  action_accuracy: 0.703  action_ce_loss: 0.676  action_loss: 0.676  entropy: 0.591  top_1_action_accuracy: 0.703  top_3_action_accuracy: 0.991
2026-07-19 11:11:25,030 update: 11950	fps: 157.525	
2026-07-19 11:11:25,031 update: 11950	env-time: 14690.150s	pth-time: 8756.776s	frames: 3824000
2026-07-19 11:11:25,031 Average window size: 50  distance_to_goal: 0.049  reward: 1.000  softspl: 0.927  sparse_reward: 2.500  spl: 0.954  success: 1.000  action_accuracy: 0.719  action_ce_loss: 0.633  action_loss: 0.633  entropy: 0.627  top_1_action_accuracy: 0.719  top_3_action_accuracy: 0.991
2026-07-19 11:12:41,259 update: 12000	fps: 157.689	
2026-07-19 11:12:41,259 update: 12000	env-time: 14726.709s	pth-time: 8793.249s	frames: 3840000
2026-07-19 11:12:41,259 Average window size: 50  distance_to_goal: 0.047  reward: 1.000  softspl: 0.936  sparse_reward: 2.500  spl: 0.948  success: 1.000  action_accuracy: 0.700  action_ce_loss: 0.715  action_loss: 0.715  entropy: 0.697  top_1_action_accuracy: 0.700  top_3_action_accuracy: 0.994
2026-07-19 11:13:58,944 update: 12050	fps: 157.842	
2026-07-19 11:13:58,945 update: 12050	env-time: 14765.868s	pth-time: 8829.642s	frames: 3856000
2026-07-19 11:13:58,945 Average window size: 50  distance_to_goal: 0.048  reward: 1.000  softspl: 0.938  sparse_reward: 2.500  spl: 0.953  success: 1.000  action_accuracy: 0.706  action_ce_loss: 0.662  action_loss: 0.662  entropy: 0.701  top_1_action_accuracy: 0.706  top_3_action_accuracy: 0.991
2026-07-19 11:15:35,239 update: 12100	fps: 157.875	
2026-07-19 11:15:35,239 update: 12100	env-time: 14820.565s	pth-time: 8866.451s	frames: 3872000
2026-07-19 11:15:35,239 Average window size: 50  distance_to_goal: 0.045  reward: 1.000  softspl: 0.937  sparse_reward: 2.500  spl: 0.952  success: 1.000  action_accuracy: 0.784  action_ce_loss: 0.540  action_loss: 0.540  entropy: 0.660  top_1_action_accuracy: 0.784  top_3_action_accuracy: 0.988
2026-07-19 11:17:06,938 update: 12150	fps: 157.937	
2026-07-19 11:17:06,938 update: 12150	env-time: 14873.032s	pth-time: 8903.250s	frames: 3888000
2026-07-19 11:17:06,939 Average window size: 50  distance_to_goal: 0.046  reward: 1.000  softspl: 0.940  sparse_reward: 2.500  spl: 0.951  success: 1.000  action_accuracy: 0.747  action_ce_loss: 0.613  action_loss: 0.613  entropy: 0.610  top_1_action_accuracy: 0.747  top_3_action_accuracy: 0.984
2026-07-19 11:18:44,305 update: 12200	fps: 157.962	
2026-07-19 11:18:44,306 update: 12200	env-time: 14928.876s	pth-time: 8940.147s	frames: 3904000
2026-07-19 11:18:44,306 Average window size: 50  distance_to_goal: 0.046  reward: 1.000  softspl: 0.934  sparse_reward: 2.500  spl: 0.948  success: 1.000  action_accuracy: 0.731  action_ce_loss: 0.638  action_loss: 0.638  entropy: 0.632  top_1_action_accuracy: 0.731  top_3_action_accuracy: 0.994
2026-07-19 11:20:07,395 update: 12250	fps: 158.078	
2026-07-19 11:20:07,395 update: 12250	env-time: 14973.112s	pth-time: 8976.756s	frames: 3920000
2026-07-19 11:20:07,396 Average window size: 50  distance_to_goal: 0.045  reward: 1.000  softspl: 0.941  sparse_reward: 2.500  spl: 0.948  success: 1.000  action_accuracy: 0.722  action_ce_loss: 0.621  action_loss: 0.621  entropy: 0.628  top_1_action_accuracy: 0.722  top_3_action_accuracy: 0.994
2026-07-19 11:21:38,412 update: 12300	fps: 158.142	
2026-07-19 11:21:38,413 update: 12300	env-time: 15022.422s	pth-time: 9013.462s	frames: 3936000
2026-07-19 11:21:38,413 Average window size: 50  distance_to_goal: 0.047  reward: 1.000  softspl: 0.940  sparse_reward: 2.500  spl: 0.948  success: 1.000  action_accuracy: 0.759  action_ce_loss: 0.642  action_loss: 0.642  entropy: 0.691  top_1_action_accuracy: 0.759  top_3_action_accuracy: 0.997
2026-07-19 11:23:09,604 update: 12350	fps: 158.206	
2026-07-19 11:23:09,604 update: 12350	env-time: 15074.537s	pth-time: 9050.266s	frames: 3952000
2026-07-19 11:23:09,604 Average window size: 50  distance_to_goal: 0.045  reward: 1.000  softspl: 0.933  sparse_reward: 2.500  spl: 0.941  success: 1.000  action_accuracy: 0.741  action_ce_loss: 0.565  action_loss: 0.565  entropy: 0.624  top_1_action_accuracy: 0.741  top_3_action_accuracy: 0.981
2026-07-19 11:24:36,017 update: 12400	fps: 158.299	
2026-07-19 11:24:36,018 update: 12400	env-time: 15119.562s	pth-time: 9086.836s	frames: 3968000
2026-07-19 11:24:36,018 Average window size: 50  distance_to_goal: 0.044  reward: 1.000  softspl: 0.932  sparse_reward: 2.500  spl: 0.946  success: 1.000  action_accuracy: 0.722  action_ce_loss: 0.686  action_loss: 0.686  entropy: 0.634  top_1_action_accuracy: 0.722  top_3_action_accuracy: 0.997
2026-07-19 11:25:59,521 update: 12450	fps: 158.409	
2026-07-19 11:25:59,522 update: 12450	env-time: 15164.045s	pth-time: 9123.591s	frames: 3984000
2026-07-19 11:25:59,522 Average window size: 50  distance_to_goal: 0.046  reward: 1.000  softspl: 0.935  sparse_reward: 2.500  spl: 0.946  success: 1.000  action_accuracy: 0.712  action_ce_loss: 0.644  action_loss: 0.644  entropy: 0.653  top_1_action_accuracy: 0.712  top_3_action_accuracy: 0.997
2026-07-19 11:27:26,810 update: 12500	fps: 158.495	
2026-07-19 11:27:26,810 update: 12500	env-time: 15210.065s	pth-time: 9160.254s	frames: 4000000
2026-07-19 11:27:26,810 Average window size: 50  distance_to_goal: 0.044  reward: 1.000  softspl: 0.937  sparse_reward: 2.500  spl: 0.944  success: 1.000  action_accuracy: 0.709  action_ce_loss: 0.643  action_loss: 0.643  entropy: 0.693  top_1_action_accuracy: 0.709  top_3_action_accuracy: 0.984
2026-07-19 11:28:51,516 update: 12550	fps: 158.597	
2026-07-19 11:28:51,517 update: 12550	env-time: 15255.035s	pth-time: 9196.979s	frames: 4016000
2026-07-19 11:28:51,517 Average window size: 50  distance_to_goal: 0.046  reward: 1.000  softspl: 0.940  sparse_reward: 2.500  spl: 0.948  success: 1.000  action_accuracy: 0.741  action_ce_loss: 0.621  action_loss: 0.621  entropy: 0.637  top_1_action_accuracy: 0.741  top_3_action_accuracy: 0.981
2026-07-19 11:30:13,365 update: 12600	fps: 158.716	
2026-07-19 11:30:13,366 update: 12600	env-time: 15295.778s	pth-time: 9233.619s	frames: 4032000
2026-07-19 11:30:13,366 Average window size: 50  distance_to_goal: 0.047  reward: 1.000  softspl: 0.943  sparse_reward: 2.500  spl: 0.951  success: 1.000  action_accuracy: 0.734  action_ce_loss: 0.622  action_loss: 0.622  entropy: 0.589  top_1_action_accuracy: 0.734  top_3_action_accuracy: 0.981
2026-07-19 11:31:38,378 update: 12650	fps: 158.814	
2026-07-19 11:31:38,379 update: 12650	env-time: 15341.800s	pth-time: 9270.355s	frames: 4048000
2026-07-19 11:31:38,379 Average window size: 50  distance_to_goal: 0.047  reward: 1.000  softspl: 0.942  sparse_reward: 2.500  spl: 0.950  success: 1.000  action_accuracy: 0.706  action_ce_loss: 0.706  action_loss: 0.706  entropy: 0.619  top_1_action_accuracy: 0.706  top_3_action_accuracy: 0.978
2026-07-19 11:33:05,368 update: 12700	fps: 158.900	
2026-07-19 11:33:05,368 update: 12700	env-time: 15387.493s	pth-time: 9307.103s	frames: 4064000
2026-07-19 11:33:05,368 Average window size: 50  distance_to_goal: 0.047  reward: 1.000  softspl: 0.940  sparse_reward: 2.500  spl: 0.949  success: 1.000  action_accuracy: 0.725  action_ce_loss: 0.620  action_loss: 0.620  entropy: 0.700  top_1_action_accuracy: 0.725  top_3_action_accuracy: 0.997
2026-07-19 11:34:27,188 update: 12750	fps: 159.016	
2026-07-19 11:34:27,188 update: 12750	env-time: 15430.513s	pth-time: 9343.731s	frames: 4080000
2026-07-19 11:34:27,188 Average window size: 50  distance_to_goal: 0.047  reward: 1.000  softspl: 0.940  sparse_reward: 2.500  spl: 0.952  success: 1.000  action_accuracy: 0.706  action_ce_loss: 0.629  action_loss: 0.629  entropy: 0.675  top_1_action_accuracy: 0.706  top_3_action_accuracy: 0.991
2026-07-19 11:35:54,383 update: 12800	fps: 159.099	
2026-07-19 11:35:54,383 update: 12800	env-time: 15476.664s	pth-time: 9380.339s	frames: 4096000
2026-07-19 11:35:54,383 Average window size: 50  distance_to_goal: 0.047  reward: 1.000  softspl: 0.941  sparse_reward: 2.500  spl: 0.950  success: 1.000  action_accuracy: 0.703  action_ce_loss: 0.654  action_loss: 0.654  entropy: 0.695  top_1_action_accuracy: 0.703  top_3_action_accuracy: 1.000
2026-07-19 11:37:12,171 update: 12850	fps: 159.240	
2026-07-19 11:37:12,172 update: 12850	env-time: 15515.856s	pth-time: 9416.889s	frames: 4112000
2026-07-19 11:37:12,172 Average window size: 50  distance_to_goal: 0.046  reward: 1.000  softspl: 0.941  sparse_reward: 2.500  spl: 0.949  success: 1.000  action_accuracy: 0.747  action_ce_loss: 0.616  action_loss: 0.616  entropy: 0.611  top_1_action_accuracy: 0.747  top_3_action_accuracy: 0.991
2026-07-19 11:38:34,343 update: 12900	fps: 159.352	
2026-07-19 11:38:34,343 update: 12900	env-time: 15556.996s	pth-time: 9453.515s	frames: 4128000
2026-07-19 11:38:34,343 Average window size: 50  distance_to_goal: 0.047  reward: 1.000  softspl: 0.931  sparse_reward: 2.500  spl: 0.949  success: 1.000  action_accuracy: 0.722  action_ce_loss: 0.627  action_loss: 0.627  entropy: 0.553  top_1_action_accuracy: 0.722  top_3_action_accuracy: 0.991
2026-07-19 11:39:54,553 update: 12950	fps: 159.476	
2026-07-19 11:39:54,554 update: 12950	env-time: 15598.290s	pth-time: 9490.121s	frames: 4144000
2026-07-19 11:39:54,554 Average window size: 50  distance_to_goal: 0.045  reward: 1.000  softspl: 0.932  sparse_reward: 2.500  spl: 0.950  success: 1.000  action_accuracy: 0.697  action_ce_loss: 0.692  action_loss: 0.692  entropy: 0.610  top_1_action_accuracy: 0.697  top_3_action_accuracy: 0.994
2026-07-19 11:41:21,170 update: 13000	fps: 159.560	
2026-07-19 11:41:21,171 update: 13000	env-time: 15643.636s	pth-time: 9526.816s	frames: 4160000
2026-07-19 11:41:21,171 Average window size: 50  distance_to_goal: 0.045  reward: 1.000  softspl: 0.930  sparse_reward: 2.500  spl: 0.951  success: 1.000  action_accuracy: 0.753  action_ce_loss: 0.557  action_loss: 0.557  entropy: 0.586  top_1_action_accuracy: 0.753  top_3_action_accuracy: 0.997
2026-07-19 11:42:38,265 update: 13050	fps: 159.701	
2026-07-19 11:42:38,265 update: 13050	env-time: 15681.962s	pth-time: 9563.399s	frames: 4176000
2026-07-19 11:42:38,266 Average window size: 50  distance_to_goal: 0.047  reward: 1.000  softspl: 0.924  sparse_reward: 2.500  spl: 0.949  success: 1.000  action_accuracy: 0.716  action_ce_loss: 0.638  action_loss: 0.638  entropy: 0.708  top_1_action_accuracy: 0.716  top_3_action_accuracy: 0.997
2026-07-19 11:44:02,416 update: 13100	fps: 159.799	
2026-07-19 11:44:02,417 update: 13100	env-time: 15725.008s	pth-time: 9600.044s	frames: 4192000
2026-07-19 11:44:02,417 Average window size: 50  distance_to_goal: 0.047  reward: 1.000  softspl: 0.932  sparse_reward: 2.500  spl: 0.950  success: 1.000  action_accuracy: 0.703  action_ce_loss: 0.619  action_loss: 0.619  entropy: 0.702  top_1_action_accuracy: 0.703  top_3_action_accuracy: 0.994
2026-07-19 11:45:19,319 update: 13150	fps: 159.940	
2026-07-19 11:45:19,320 update: 13150	env-time: 15763.265s	pth-time: 9636.573s	frames: 4208000
2026-07-19 11:45:19,320 Average window size: 50  distance_to_goal: 0.047  reward: 1.000  softspl: 0.929  sparse_reward: 2.500  spl: 0.950  success: 1.000  action_accuracy: 0.781  action_ce_loss: 0.568  action_loss: 0.568  entropy: 0.647  top_1_action_accuracy: 0.781  top_3_action_accuracy: 0.997
2026-07-19 11:46:38,376 update: 13200	fps: 160.067	
2026-07-19 11:46:38,377 update: 13200	env-time: 15801.538s	pth-time: 9673.036s	frames: 4224000
2026-07-19 11:46:38,377 Average window size: 50  distance_to_goal: 0.060  reward: 0.997  softspl: 0.935  sparse_reward: 2.493  spl: 0.949  success: 0.997  action_accuracy: 0.688  action_ce_loss: 0.692  action_loss: 0.692  entropy: 0.615  top_1_action_accuracy: 0.688  top_3_action_accuracy: 0.994
2026-07-19 11:47:51,521 update: 13250	fps: 160.229	
2026-07-19 11:47:51,521 update: 13250	env-time: 15836.156s	pth-time: 9709.465s	frames: 4240000
2026-07-19 11:47:51,521 Average window size: 50  distance_to_goal: 0.047  reward: 1.000  softspl: 0.941  sparse_reward: 2.500  spl: 0.950  success: 1.000  action_accuracy: 0.738  action_ce_loss: 0.586  action_loss: 0.586  entropy: 0.569  top_1_action_accuracy: 0.738  top_3_action_accuracy: 0.994
2026-07-19 11:49:17,657 update: 13300	fps: 160.312	
2026-07-19 11:49:17,658 update: 13300	env-time: 15881.555s	pth-time: 9745.934s	frames: 4256000
2026-07-19 11:49:17,658 Average window size: 50  distance_to_goal: 0.046  reward: 1.000  softspl: 0.936  sparse_reward: 2.500  spl: 0.949  success: 1.000  action_accuracy: 0.688  action_ce_loss: 0.695  action_loss: 0.695  entropy: 0.672  top_1_action_accuracy: 0.688  top_3_action_accuracy: 0.984
2026-07-19 11:50:39,228 update: 13350	fps: 160.422	
2026-07-19 11:50:39,229 update: 13350	env-time: 15924.585s	pth-time: 9782.359s	frames: 4272000
2026-07-19 11:50:39,229 Average window size: 50  distance_to_goal: 0.047  reward: 1.000  softspl: 0.939  sparse_reward: 2.500  spl: 0.952  success: 1.000  action_accuracy: 0.719  action_ce_loss: 0.636  action_loss: 0.636  entropy: 0.670  top_1_action_accuracy: 0.719  top_3_action_accuracy: 0.994
2026-07-19 11:52:02,307 update: 13400	fps: 160.522	
2026-07-19 11:52:02,307 update: 13400	env-time: 15966.716s	pth-time: 9818.854s	frames: 4288000
2026-07-19 11:52:02,307 Average window size: 50  distance_to_goal: 0.049  reward: 1.000  softspl: 0.941  sparse_reward: 2.500  spl: 0.950  success: 1.000  action_accuracy: 0.719  action_ce_loss: 0.644  action_loss: 0.644  entropy: 0.657  top_1_action_accuracy: 0.719  top_3_action_accuracy: 0.991
2026-07-19 11:53:21,437 update: 13450	fps: 160.645	
2026-07-19 11:53:21,437 update: 13450	env-time: 16007.124s	pth-time: 9855.514s	frames: 4304000
2026-07-19 11:53:21,438 Average window size: 50  distance_to_goal: 0.046  reward: 1.000  softspl: 0.939  sparse_reward: 2.500  spl: 0.947  success: 1.000  action_accuracy: 0.691  action_ce_loss: 0.694  action_loss: 0.694  entropy: 0.670  top_1_action_accuracy: 0.691  top_3_action_accuracy: 0.991
2026-07-19 11:54:40,757 update: 13500	fps: 160.766	
2026-07-19 11:54:40,757 update: 13500	env-time: 16045.647s	pth-time: 9891.980s	frames: 4320000
2026-07-19 11:54:40,757 Average window size: 50  distance_to_goal: 0.049  reward: 1.000  softspl: 0.900  sparse_reward: 2.500  spl: 0.949  success: 1.000  action_accuracy: 0.712  action_ce_loss: 0.618  action_loss: 0.618  entropy: 0.590  top_1_action_accuracy: 0.712  top_3_action_accuracy: 0.988
2026-07-19 11:55:56,888 update: 13550	fps: 160.906	
2026-07-19 11:55:56,888 update: 13550	env-time: 16083.134s	pth-time: 9928.439s	frames: 4336000
2026-07-19 11:55:56,888 Average window size: 50  distance_to_goal: 0.047  reward: 1.000  softspl: 0.905  sparse_reward: 2.500  spl: 0.955  success: 1.000  action_accuracy: 0.744  action_ce_loss: 0.575  action_loss: 0.575  entropy: 0.616  top_1_action_accuracy: 0.744  top_3_action_accuracy: 0.988
2026-07-19 11:57:13,322 update: 13600	fps: 161.043	
2026-07-19 11:57:13,322 update: 13600	env-time: 16118.763s	pth-time: 9964.988s	frames: 4352000
2026-07-19 11:57:13,322 Average window size: 50  distance_to_goal: 0.047  reward: 1.000  softspl: 0.911  sparse_reward: 2.500  spl: 0.955  success: 1.000  action_accuracy: 0.716  action_ce_loss: 0.608  action_loss: 0.608  entropy: 0.648  top_1_action_accuracy: 0.716  top_3_action_accuracy: 0.988
2026-07-19 11:58:28,647 update: 13650	fps: 161.186	
2026-07-19 11:58:28,648 update: 13650	env-time: 16155.399s	pth-time: 10001.544s	frames: 4368000
2026-07-19 11:58:28,648 Average window size: 50  distance_to_goal: 0.046  reward: 1.000  softspl: 0.878  sparse_reward: 2.500  spl: 0.952  success: 1.000  action_accuracy: 0.762  action_ce_loss: 0.525  action_loss: 0.525  entropy: 0.590  top_1_action_accuracy: 0.762  top_3_action_accuracy: 0.997
2026-07-19 11:59:45,894 update: 13700	fps: 161.316	
2026-07-19 11:59:45,894 update: 13700	env-time: 16191.845s	pth-time: 10038.000s	frames: 4384000
2026-07-19 11:59:45,894 Average window size: 50  distance_to_goal: 0.045  reward: 1.000  softspl: 0.872  sparse_reward: 2.500  spl: 0.948  success: 1.000  action_accuracy: 0.741  action_ce_loss: 0.602  action_loss: 0.602  entropy: 0.652  top_1_action_accuracy: 0.741  top_3_action_accuracy: 0.994
2026-07-19 12:01:02,270 update: 13750	fps: 161.451	
2026-07-19 12:01:02,270 update: 13750	env-time: 16229.635s	pth-time: 10074.482s	frames: 4400000
2026-07-19 12:01:02,270 Average window size: 50  distance_to_goal: 0.047  reward: 1.000  softspl: 0.900  sparse_reward: 2.500  spl: 0.950  success: 1.000  action_accuracy: 0.744  action_ce_loss: 0.632  action_loss: 0.632  entropy: 0.687  top_1_action_accuracy: 0.744  top_3_action_accuracy: 0.981
2026-07-19 12:02:20,835 update: 13800	fps: 161.573	
2026-07-19 12:02:20,836 update: 13800	env-time: 16266.889s	pth-time: 10111.049s	frames: 4416000
2026-07-19 12:02:20,836 Average window size: 50  distance_to_goal: 0.049  reward: 1.000  softspl: 0.898  sparse_reward: 2.500  spl: 0.953  success: 1.000  action_accuracy: 0.756  action_ce_loss: 0.583  action_loss: 0.583  entropy: 0.587  top_1_action_accuracy: 0.756  top_3_action_accuracy: 0.991
2026-07-19 12:03:38,661 update: 13850	fps: 161.698	
2026-07-19 12:03:38,662 update: 13850	env-time: 16306.019s	pth-time: 10147.723s	frames: 4432000
2026-07-19 12:03:38,662 Average window size: 50  distance_to_goal: 0.047  reward: 1.000  softspl: 0.913  sparse_reward: 2.500  spl: 0.948  success: 1.000  action_accuracy: 0.722  action_ce_loss: 0.629  action_loss: 0.629  entropy: 0.617  top_1_action_accuracy: 0.722  top_3_action_accuracy: 0.991
2026-07-19 12:05:02,619 update: 13900	fps: 161.786	
2026-07-19 12:05:02,619 update: 13900	env-time: 16348.842s	pth-time: 10184.408s	frames: 4448000
2026-07-19 12:05:02,620 Average window size: 50  distance_to_goal: 0.049  reward: 1.000  softspl: 0.935  sparse_reward: 2.500  spl: 0.948  success: 1.000  action_accuracy: 0.772  action_ce_loss: 0.596  action_loss: 0.596  entropy: 0.621  top_1_action_accuracy: 0.772  top_3_action_accuracy: 0.997
2026-07-19 12:06:31,116 update: 13950	fps: 161.847	
2026-07-19 12:06:31,116 update: 13950	env-time: 16398.348s	pth-time: 10221.147s	frames: 4464000
2026-07-19 12:06:31,116 Average window size: 50  distance_to_goal: 0.045  reward: 1.000  softspl: 0.943  sparse_reward: 2.500  spl: 0.951  success: 1.000  action_accuracy: 0.750  action_ce_loss: 0.551  action_loss: 0.551  entropy: 0.599  top_1_action_accuracy: 0.750  top_3_action_accuracy: 0.994
2026-07-19 12:08:00,670 update: 14000	fps: 161.901	
2026-07-19 12:08:00,670 update: 14000	env-time: 16446.582s	pth-time: 10257.857s	frames: 4480000
2026-07-19 12:08:00,671 Average window size: 50  distance_to_goal: 0.046  reward: 1.000  softspl: 0.931  sparse_reward: 2.500  spl: 0.949  success: 1.000  action_accuracy: 0.722  action_ce_loss: 0.645  action_loss: 0.645  entropy: 0.597  top_1_action_accuracy: 0.722  top_3_action_accuracy: 0.997
2026-07-19 12:09:29,426 update: 14050	fps: 161.960	
2026-07-19 12:09:29,426 update: 14050	env-time: 16496.305s	pth-time: 10294.604s	frames: 4496000
2026-07-19 12:09:29,426 Average window size: 50  distance_to_goal: 0.048  reward: 1.000  softspl: 0.937  sparse_reward: 2.500  spl: 0.950  success: 1.000  action_accuracy: 0.694  action_ce_loss: 0.702  action_loss: 0.702  entropy: 0.640  top_1_action_accuracy: 0.694  top_3_action_accuracy: 0.988
2026-07-19 12:10:57,268 update: 14100	fps: 162.024	
2026-07-19 12:10:57,269 update: 14100	env-time: 16542.985s	pth-time: 10331.217s	frames: 4512000
2026-07-19 12:10:57,269 Average window size: 50  distance_to_goal: 0.047  reward: 1.000  softspl: 0.935  sparse_reward: 2.500  spl: 0.947  success: 1.000  action_accuracy: 0.694  action_ce_loss: 0.667  action_loss: 0.667  entropy: 0.629  top_1_action_accuracy: 0.694  top_3_action_accuracy: 0.988
2026-07-19 12:12:18,604 update: 14150	fps: 162.125	
2026-07-19 12:12:18,605 update: 14150	env-time: 16585.458s	pth-time: 10367.898s	frames: 4528000
2026-07-19 12:12:18,605 Average window size: 50  distance_to_goal: 0.047  reward: 1.000  softspl: 0.931  sparse_reward: 2.500  spl: 0.949  success: 1.000  action_accuracy: 0.725  action_ce_loss: 0.647  action_loss: 0.647  entropy: 0.631  top_1_action_accuracy: 0.725  top_3_action_accuracy: 0.991
2026-07-19 12:13:43,512 update: 14200	fps: 162.204	
2026-07-19 12:13:43,512 update: 14200	env-time: 16629.163s	pth-time: 10404.551s	frames: 4544000
2026-07-19 12:13:43,512 Average window size: 50  distance_to_goal: 0.047  reward: 1.000  softspl: 0.939  sparse_reward: 2.500  spl: 0.950  success: 1.000  action_accuracy: 0.750  action_ce_loss: 0.601  action_loss: 0.601  entropy: 0.653  top_1_action_accuracy: 0.750  top_3_action_accuracy: 0.991
2026-07-19 12:15:08,874 update: 14250	fps: 162.281	
2026-07-19 12:15:08,875 update: 14250	env-time: 16675.598s	pth-time: 10441.222s	frames: 4560000
2026-07-19 12:15:08,875 Average window size: 50  distance_to_goal: 0.045  reward: 1.000  softspl: 0.929  sparse_reward: 2.500  spl: 0.947  success: 1.000  action_accuracy: 0.769  action_ce_loss: 0.502  action_loss: 0.502  entropy: 0.527  top_1_action_accuracy: 0.769  top_3_action_accuracy: 0.997
2026-07-19 12:16:26,689 update: 14300	fps: 162.401	
2026-07-19 12:16:26,689 update: 14300	env-time: 16712.519s	pth-time: 10477.714s	frames: 4576000
2026-07-19 12:16:26,690 Average window size: 50  distance_to_goal: 0.060  reward: 0.997  softspl: 0.928  sparse_reward: 2.492  spl: 0.945  success: 0.997  action_accuracy: 0.741  action_ce_loss: 0.623  action_loss: 0.623  entropy: 0.567  top_1_action_accuracy: 0.741  top_3_action_accuracy: 0.991
2026-07-19 12:17:40,456 update: 14350	fps: 162.543	
2026-07-19 12:17:40,456 update: 14350	env-time: 16747.753s	pth-time: 10514.222s	frames: 4592000
2026-07-19 12:17:40,457 Average window size: 50  distance_to_goal: 0.046  reward: 1.000  softspl: 0.929  sparse_reward: 2.500  spl: 0.948  success: 1.000  action_accuracy: 0.734  action_ce_loss: 0.636  action_loss: 0.636  entropy: 0.648  top_1_action_accuracy: 0.734  top_3_action_accuracy: 0.981
2026-07-19 12:19:01,590 update: 14400	fps: 162.642	
2026-07-19 12:19:01,590 update: 14400	env-time: 16787.812s	pth-time: 10550.821s	frames: 4608000
2026-07-19 12:19:01,590 Average window size: 50  distance_to_goal: 0.046  reward: 1.000  softspl: 0.937  sparse_reward: 2.500  spl: 0.948  success: 1.000  action_accuracy: 0.728  action_ce_loss: 0.589  action_loss: 0.589  entropy: 0.649  top_1_action_accuracy: 0.728  top_3_action_accuracy: 0.997
2026-07-19 12:20:25,429 update: 14450	fps: 162.725	
2026-07-19 12:20:25,429 update: 14450	env-time: 16832.756s	pth-time: 10587.463s	frames: 4624000
2026-07-19 12:20:25,430 Average window size: 50  distance_to_goal: 0.046  reward: 1.000  softspl: 0.929  sparse_reward: 2.500  spl: 0.949  success: 1.000  action_accuracy: 0.766  action_ce_loss: 0.596  action_loss: 0.596  entropy: 0.629  top_1_action_accuracy: 0.766  top_3_action_accuracy: 0.988
2026-07-19 12:22:00,582 update: 14500	fps: 162.744	
2026-07-19 12:22:00,583 update: 14500	env-time: 16886.554s	pth-time: 10624.292s	frames: 4640000
2026-07-19 12:22:00,583 Average window size: 50  distance_to_goal: 0.047  reward: 1.000  softspl: 0.936  sparse_reward: 2.500  spl: 0.949  success: 1.000  action_accuracy: 0.709  action_ce_loss: 0.634  action_loss: 0.634  entropy: 0.595  top_1_action_accuracy: 0.709  top_3_action_accuracy: 0.997
2026-07-19 12:23:25,963 update: 14550	fps: 162.817	
2026-07-19 12:23:25,964 update: 14550	env-time: 16932.915s	pth-time: 10660.959s	frames: 4656000
2026-07-19 12:23:25,964 Average window size: 50  distance_to_goal: 0.043  reward: 1.000  softspl: 0.931  sparse_reward: 2.500  spl: 0.948  success: 1.000  action_accuracy: 0.722  action_ce_loss: 0.661  action_loss: 0.661  entropy: 0.630  top_1_action_accuracy: 0.722  top_3_action_accuracy: 0.988
2026-07-19 12:24:56,237 update: 14600	fps: 162.862	
2026-07-19 12:24:56,237 update: 14600	env-time: 16981.733s	pth-time: 10697.674s	frames: 4672000
2026-07-19 12:24:56,238 Average window size: 50  distance_to_goal: 0.048  reward: 1.000  softspl: 0.938  sparse_reward: 2.500  spl: 0.951  success: 1.000  action_accuracy: 0.744  action_ce_loss: 0.574  action_loss: 0.574  entropy: 0.604  top_1_action_accuracy: 0.744  top_3_action_accuracy: 0.984
2026-07-19 12:26:18,444 update: 14650	fps: 162.953	
2026-07-19 12:26:18,445 update: 14650	env-time: 17024.943s	pth-time: 10734.256s	frames: 4688000
2026-07-19 12:26:18,445 Average window size: 50  distance_to_goal: 0.045  reward: 1.000  softspl: 0.939  sparse_reward: 2.500  spl: 0.950  success: 1.000  action_accuracy: 0.778  action_ce_loss: 0.542  action_loss: 0.542  entropy: 0.637  top_1_action_accuracy: 0.778  top_3_action_accuracy: 0.988
2026-07-19 12:27:46,935 update: 14700	fps: 163.008	
2026-07-19 12:27:46,936 update: 14700	env-time: 17072.152s	pth-time: 10770.903s	frames: 4704000
2026-07-19 12:27:46,936 Average window size: 50  distance_to_goal: 0.047  reward: 1.000  softspl: 0.930  sparse_reward: 2.500  spl: 0.951  success: 1.000  action_accuracy: 0.775  action_ce_loss: 0.547  action_loss: 0.547  entropy: 0.632  top_1_action_accuracy: 0.775  top_3_action_accuracy: 1.000
2026-07-19 12:29:11,991 update: 14750	fps: 163.082	
2026-07-19 12:29:11,991 update: 14750	env-time: 17118.163s	pth-time: 10807.664s	frames: 4720000
2026-07-19 12:29:11,991 Average window size: 50  distance_to_goal: 0.045  reward: 1.000  softspl: 0.943  sparse_reward: 2.500  spl: 0.951  success: 1.000  action_accuracy: 0.788  action_ce_loss: 0.504  action_loss: 0.504  entropy: 0.518  top_1_action_accuracy: 0.788  top_3_action_accuracy: 0.991
2026-07-19 12:30:37,104 update: 14800	fps: 163.155	
2026-07-19 12:30:37,104 update: 14800	env-time: 17161.729s	pth-time: 10844.404s	frames: 4736000
2026-07-19 12:30:37,104 Average window size: 50  distance_to_goal: 0.048  reward: 1.000  softspl: 0.937  sparse_reward: 2.500  spl: 0.948  success: 1.000  action_accuracy: 0.756  action_ce_loss: 0.573  action_loss: 0.573  entropy: 0.582  top_1_action_accuracy: 0.756  top_3_action_accuracy: 0.984
2026-07-19 12:31:59,089 update: 14850	fps: 163.245	
2026-07-19 12:31:59,089 update: 14850	env-time: 17204.630s	pth-time: 10881.144s	frames: 4752000
2026-07-19 12:31:59,090 Average window size: 50  distance_to_goal: 0.046  reward: 1.000  softspl: 0.935  sparse_reward: 2.500  spl: 0.946  success: 1.000  action_accuracy: 0.719  action_ce_loss: 0.637  action_loss: 0.637  entropy: 0.641  top_1_action_accuracy: 0.719  top_3_action_accuracy: 0.991
2026-07-19 12:33:23,365 update: 14900	fps: 163.322	
2026-07-19 12:33:23,366 update: 14900	env-time: 17247.630s	pth-time: 10918.074s	frames: 4768000
2026-07-19 12:33:23,366 Average window size: 50  distance_to_goal: 0.046  reward: 1.000  softspl: 0.935  sparse_reward: 2.500  spl: 0.944  success: 1.000  action_accuracy: 0.725  action_ce_loss: 0.646  action_loss: 0.646  entropy: 0.668  top_1_action_accuracy: 0.725  top_3_action_accuracy: 0.978
2026-07-19 12:34:41,277 update: 14950	fps: 163.434	
2026-07-19 12:34:41,277 update: 14950	env-time: 17286.894s	pth-time: 10954.610s	frames: 4784000
2026-07-19 12:34:41,277 Average window size: 50  distance_to_goal: 0.047  reward: 1.000  softspl: 0.934  sparse_reward: 2.500  spl: 0.946  success: 1.000  action_accuracy: 0.778  action_ce_loss: 0.607  action_loss: 0.607  entropy: 0.638  top_1_action_accuracy: 0.778  top_3_action_accuracy: 0.981
2026-07-19 12:36:02,132 update: 15000	fps: 163.529	
2026-07-19 12:36:02,132 update: 15000	env-time: 17326.653s	pth-time: 10991.213s	frames: 4800000
2026-07-19 12:36:02,132 Average window size: 50  distance_to_goal: 0.045  reward: 1.000  softspl: 0.938  sparse_reward: 2.500  spl: 0.946  success: 1.000  action_accuracy: 0.734  action_ce_loss: 0.615  action_loss: 0.615  entropy: 0.625  top_1_action_accuracy: 0.734  top_3_action_accuracy: 0.988
2026-07-19 12:37:21,017 update: 15050	fps: 163.634	
2026-07-19 12:37:21,018 update: 15050	env-time: 17366.513s	pth-time: 11027.703s	frames: 4816000
2026-07-19 12:37:21,018 Average window size: 50  distance_to_goal: 0.048  reward: 1.000  softspl: 0.928  sparse_reward: 2.500  spl: 0.945  success: 1.000  action_accuracy: 0.766  action_ce_loss: 0.597  action_loss: 0.597  entropy: 0.584  top_1_action_accuracy: 0.766  top_3_action_accuracy: 0.981
2026-07-19 12:38:42,710 update: 15100	fps: 163.723	
2026-07-19 12:38:42,710 update: 15100	env-time: 17407.134s	pth-time: 11064.273s	frames: 4832000
2026-07-19 12:38:42,711 Average window size: 50  distance_to_goal: 0.047  reward: 1.000  softspl: 0.939  sparse_reward: 2.500  spl: 0.951  success: 1.000  action_accuracy: 0.744  action_ce_loss: 0.600  action_loss: 0.600  entropy: 0.635  top_1_action_accuracy: 0.744  top_3_action_accuracy: 0.991
2026-07-19 12:39:56,835 update: 15150	fps: 163.854	
2026-07-19 12:39:56,836 update: 15150	env-time: 17442.474s	pth-time: 11100.788s	frames: 4848000
2026-07-19 12:39:56,836 Average window size: 50  distance_to_goal: 0.049  reward: 1.000  softspl: 0.945  sparse_reward: 2.500  spl: 0.954  success: 1.000  action_accuracy: 0.806  action_ce_loss: 0.544  action_loss: 0.544  entropy: 0.638  top_1_action_accuracy: 0.806  top_3_action_accuracy: 0.981
2026-07-19 12:41:11,491 update: 15200	fps: 163.981	
2026-07-19 12:41:11,491 update: 15200	env-time: 17476.349s	pth-time: 11137.197s	frames: 4864000
2026-07-19 12:41:11,491 Average window size: 50  distance_to_goal: 0.047  reward: 1.000  softspl: 0.948  sparse_reward: 2.500  spl: 0.956  success: 1.000  action_accuracy: 0.800  action_ce_loss: 0.526  action_loss: 0.526  entropy: 0.565  top_1_action_accuracy: 0.800  top_3_action_accuracy: 0.991
2026-07-19 12:42:25,831 update: 15250	fps: 164.109	
2026-07-19 12:42:25,831 update: 15250	env-time: 17512.026s	pth-time: 11173.683s	frames: 4880000
2026-07-19 12:42:25,831 Average window size: 50  distance_to_goal: 0.048  reward: 1.000  softspl: 0.943  sparse_reward: 2.500  spl: 0.953  success: 1.000  action_accuracy: 0.712  action_ce_loss: 0.645  action_loss: 0.645  entropy: 0.569  top_1_action_accuracy: 0.712  top_3_action_accuracy: 0.994
2026-07-19 12:43:43,403 update: 15300	fps: 164.218	
2026-07-19 12:43:43,404 update: 15300	env-time: 17548.850s	pth-time: 11210.159s	frames: 4896000
2026-07-19 12:43:43,404 Average window size: 50  distance_to_goal: 0.048  reward: 1.000  softspl: 0.944  sparse_reward: 2.500  spl: 0.952  success: 1.000  action_accuracy: 0.747  action_ce_loss: 0.575  action_loss: 0.575  entropy: 0.555  top_1_action_accuracy: 0.747  top_3_action_accuracy: 0.997
2026-07-19 12:45:06,973 update: 15350	fps: 164.295	
2026-07-19 12:45:06,974 update: 15350	env-time: 17593.435s	pth-time: 11246.836s	frames: 4912000
2026-07-19 12:45:06,974 Average window size: 50  distance_to_goal: 0.048  reward: 1.000  softspl: 0.940  sparse_reward: 2.500  spl: 0.955  success: 1.000  action_accuracy: 0.772  action_ce_loss: 0.588  action_loss: 0.588  entropy: 0.588  top_1_action_accuracy: 0.772  top_3_action_accuracy: 0.997
2026-07-19 12:46:33,338 update: 15400	fps: 164.355	
2026-07-19 12:46:33,339 update: 15400	env-time: 17638.439s	pth-time: 11283.548s	frames: 4928000
2026-07-19 12:46:33,339 Average window size: 50  distance_to_goal: 0.045  reward: 1.000  softspl: 0.944  sparse_reward: 2.500  spl: 0.952  success: 1.000  action_accuracy: 0.772  action_ce_loss: 0.521  action_loss: 0.521  entropy: 0.594  top_1_action_accuracy: 0.772  top_3_action_accuracy: 0.997
2026-07-19 12:48:01,193 update: 15450	fps: 164.407	
2026-07-19 12:48:01,194 update: 15450	env-time: 17687.194s	pth-time: 11320.369s	frames: 4944000
2026-07-19 12:48:01,194 Average window size: 50  distance_to_goal: 0.046  reward: 1.000  softspl: 0.942  sparse_reward: 2.500  spl: 0.950  success: 1.000  action_accuracy: 0.778  action_ce_loss: 0.556  action_loss: 0.556  entropy: 0.576  top_1_action_accuracy: 0.778  top_3_action_accuracy: 0.997
2026-07-19 12:49:32,314 update: 15500	fps: 164.441	
2026-07-19 12:49:32,315 update: 15500	env-time: 17736.750s	pth-time: 11357.342s	frames: 4960000
2026-07-19 12:49:32,315 Average window size: 50  distance_to_goal: 0.046  reward: 1.000  softspl: 0.943  sparse_reward: 2.500  spl: 0.954  success: 1.000  action_accuracy: 0.762  action_ce_loss: 0.556  action_loss: 0.556  entropy: 0.539  top_1_action_accuracy: 0.762  top_3_action_accuracy: 0.994
2026-07-19 12:50:57,035 update: 15550	fps: 164.509	
2026-07-19 12:50:57,036 update: 15550	env-time: 17782.408s	pth-time: 11394.018s	frames: 4976000
2026-07-19 12:50:57,036 Average window size: 50  distance_to_goal: 0.047  reward: 1.000  softspl: 0.947  sparse_reward: 2.500  spl: 0.955  success: 1.000  action_accuracy: 0.753  action_ce_loss: 0.513  action_loss: 0.513  entropy: 0.554  top_1_action_accuracy: 0.753  top_3_action_accuracy: 0.997
2026-07-19 12:52:24,882 update: 15600	fps: 164.560	
2026-07-19 12:52:24,883 update: 15600	env-time: 17830.111s	pth-time: 11430.716s	frames: 4992000
2026-07-19 12:52:24,883 Average window size: 50  distance_to_goal: 0.050  reward: 1.000  softspl: 0.947  sparse_reward: 2.500  spl: 0.955  success: 1.000  action_accuracy: 0.734  action_ce_loss: 0.586  action_loss: 0.586  entropy: 0.623  top_1_action_accuracy: 0.734  top_3_action_accuracy: 0.997
2026-07-19 12:53:52,986 update: 15650	fps: 164.609	
2026-07-19 12:53:52,986 update: 15650	env-time: 17879.206s	pth-time: 11467.382s	frames: 5008000
2026-07-19 12:53:52,987 Average window size: 50  distance_to_goal: 0.047  reward: 1.000  softspl: 0.941  sparse_reward: 2.500  spl: 0.951  success: 1.000  action_accuracy: 0.712  action_ce_loss: 0.670  action_loss: 0.670  entropy: 0.608  top_1_action_accuracy: 0.712  top_3_action_accuracy: 0.991
2026-07-19 12:55:25,254 update: 15700	fps: 164.636	
2026-07-19 12:55:25,255 update: 15700	env-time: 17930.284s	pth-time: 11503.952s	frames: 5024000
2026-07-19 12:55:25,255 Average window size: 50  distance_to_goal: 0.046  reward: 1.000  softspl: 0.938  sparse_reward: 2.500  spl: 0.950  success: 1.000  action_accuracy: 0.769  action_ce_loss: 0.554  action_loss: 0.554  entropy: 0.611  top_1_action_accuracy: 0.769  top_3_action_accuracy: 0.991
2026-07-19 12:56:48,094 update: 15750	fps: 164.713	
2026-07-19 12:56:48,094 update: 15750	env-time: 17974.588s	pth-time: 11540.429s	frames: 5040000
2026-07-19 12:56:48,094 Average window size: 50  distance_to_goal: 0.047  reward: 1.000  softspl: 0.926  sparse_reward: 2.500  spl: 0.947  success: 1.000  action_accuracy: 0.722  action_ce_loss: 0.598  action_loss: 0.598  entropy: 0.561  top_1_action_accuracy: 0.722  top_3_action_accuracy: 0.988
2026-07-19 12:58:36,175 update: 15800	fps: 164.655	
2026-07-19 12:58:36,176 update: 15800	env-time: 18041.524s	pth-time: 11577.100s	frames: 5056000
2026-07-19 12:58:36,176 Average window size: 50  distance_to_goal: 0.087  reward: 0.997  softspl: 0.928  sparse_reward: 2.492  spl: 0.946  success: 0.997  action_accuracy: 0.747  action_ce_loss: 0.599  action_loss: 0.599  entropy: 0.524  top_1_action_accuracy: 0.747  top_3_action_accuracy: 1.000
2026-07-19 12:59:57,391 update: 15850	fps: 164.740	
2026-07-19 12:59:57,391 update: 15850	env-time: 18083.958s	pth-time: 11613.700s	frames: 5072000
2026-07-19 12:59:57,391 Average window size: 50  distance_to_goal: 0.046  reward: 1.000  softspl: 0.924  sparse_reward: 2.500  spl: 0.946  success: 1.000  action_accuracy: 0.744  action_ce_loss: 0.587  action_loss: 0.587  entropy: 0.627  top_1_action_accuracy: 0.744  top_3_action_accuracy: 0.991
2026-07-19 13:01:20,822 update: 15900	fps: 164.813	
2026-07-19 13:01:20,823 update: 15900	env-time: 18126.396s	pth-time: 11650.349s	frames: 5088000
2026-07-19 13:01:20,823 Average window size: 50  distance_to_goal: 0.047  reward: 1.000  softspl: 0.924  sparse_reward: 2.500  spl: 0.947  success: 1.000  action_accuracy: 0.712  action_ce_loss: 0.637  action_loss: 0.637  entropy: 0.679  top_1_action_accuracy: 0.712  top_3_action_accuracy: 0.991
2026-07-19 13:02:44,557 update: 15950	fps: 164.884	
2026-07-19 13:02:44,558 update: 15950	env-time: 18171.528s	pth-time: 11686.905s	frames: 5104000
2026-07-19 13:02:44,558 Average window size: 50  distance_to_goal: 0.046  reward: 1.000  softspl: 0.927  sparse_reward: 2.500  spl: 0.946  success: 1.000  action_accuracy: 0.722  action_ce_loss: 0.648  action_loss: 0.648  entropy: 0.624  top_1_action_accuracy: 0.722  top_3_action_accuracy: 0.994
2026-07-19 13:04:05,172 update: 16000	fps: 164.971	
2026-07-19 13:04:05,172 update: 16000	env-time: 18211.133s	pth-time: 11723.529s	frames: 5120000
2026-07-19 13:04:05,172 Average window size: 50  distance_to_goal: 0.046  reward: 1.000  softspl: 0.931  sparse_reward: 2.500  spl: 0.949  success: 1.000  action_accuracy: 0.750  action_ce_loss: 0.601  action_loss: 0.601  entropy: 0.588  top_1_action_accuracy: 0.750  top_3_action_accuracy: 0.984
2026-07-19 13:05:26,672 update: 16050	fps: 165.053	
2026-07-19 13:05:26,673 update: 16050	env-time: 18253.824s	pth-time: 11760.230s	frames: 5136000
2026-07-19 13:05:26,673 Average window size: 50  distance_to_goal: 0.048  reward: 1.000  softspl: 0.901  sparse_reward: 2.500  spl: 0.950  success: 1.000  action_accuracy: 0.691  action_ce_loss: 0.644  action_loss: 0.644  entropy: 0.610  top_1_action_accuracy: 0.691  top_3_action_accuracy: 0.994
2026-07-19 13:06:45,416 update: 16100	fps: 165.150	
2026-07-19 13:06:45,417 update: 16100	env-time: 18291.666s	pth-time: 11796.781s	frames: 5152000
2026-07-19 13:06:45,417 Average window size: 50  distance_to_goal: 0.048  reward: 1.000  softspl: 0.911  sparse_reward: 2.500  spl: 0.951  success: 1.000  action_accuracy: 0.772  action_ce_loss: 0.558  action_loss: 0.558  entropy: 0.620  top_1_action_accuracy: 0.772  top_3_action_accuracy: 0.994
2026-07-19 13:08:01,381 update: 16150	fps: 165.260	
2026-07-19 13:08:01,381 update: 16150	env-time: 18329.102s	pth-time: 11833.273s	frames: 5168000
2026-07-19 13:08:01,382 Average window size: 50  distance_to_goal: 0.046  reward: 1.000  softspl: 0.918  sparse_reward: 2.500  spl: 0.951  success: 1.000  action_accuracy: 0.778  action_ce_loss: 0.546  action_loss: 0.546  entropy: 0.636  top_1_action_accuracy: 0.778  top_3_action_accuracy: 0.994
2026-07-19 13:09:18,878 update: 16200	fps: 165.362	
2026-07-19 13:09:18,878 update: 16200	env-time: 18365.651s	pth-time: 11869.838s	frames: 5184000
2026-07-19 13:09:18,878 Average window size: 50  distance_to_goal: 0.048  reward: 1.000  softspl: 0.929  sparse_reward: 2.500  spl: 0.949  success: 1.000  action_accuracy: 0.772  action_ce_loss: 0.533  action_loss: 0.533  entropy: 0.550  top_1_action_accuracy: 0.772  top_3_action_accuracy: 1.000
2026-07-19 13:10:38,073 update: 16250	fps: 165.454	
2026-07-19 13:10:38,073 update: 16250	env-time: 18406.106s	pth-time: 11906.449s	frames: 5200000
2026-07-19 13:10:38,073 Average window size: 50  distance_to_goal: 0.046  reward: 1.000  softspl: 0.930  sparse_reward: 2.500  spl: 0.954  success: 1.000  action_accuracy: 0.769  action_ce_loss: 0.525  action_loss: 0.525  entropy: 0.570  top_1_action_accuracy: 0.769  top_3_action_accuracy: 0.994
2026-07-19 13:11:58,379 update: 16300	fps: 165.540	
2026-07-19 13:11:58,380 update: 16300	env-time: 18445.477s	pth-time: 11942.981s	frames: 5216000
2026-07-19 13:11:58,380 Average window size: 50  distance_to_goal: 0.065  reward: 0.997  softspl: 0.917  sparse_reward: 2.492  spl: 0.950  success: 0.997  action_accuracy: 0.756  action_ce_loss: 0.669  action_loss: 0.669  entropy: 0.563  top_1_action_accuracy: 0.756  top_3_action_accuracy: 0.984
2026-07-19 13:13:16,588 update: 16350	fps: 165.637	
2026-07-19 13:13:16,589 update: 16350	env-time: 18485.036s	pth-time: 11979.436s	frames: 5232000
2026-07-19 13:13:16,589 Average window size: 50  distance_to_goal: 0.047  reward: 1.000  softspl: 0.905  sparse_reward: 2.500  spl: 0.949  success: 1.000  action_accuracy: 0.766  action_ce_loss: 0.557  action_loss: 0.557  entropy: 0.550  top_1_action_accuracy: 0.766  top_3_action_accuracy: 0.984
2026-07-19 13:14:35,995 update: 16400	fps: 165.727	
2026-07-19 13:14:35,996 update: 16400	env-time: 18523.501s	pth-time: 12016.120s	frames: 5248000
2026-07-19 13:14:35,996 Average window size: 50  distance_to_goal: 0.048  reward: 1.000  softspl: 0.923  sparse_reward: 2.500  spl: 0.950  success: 1.000  action_accuracy: 0.722  action_ce_loss: 0.604  action_loss: 0.604  entropy: 0.598  top_1_action_accuracy: 0.722  top_3_action_accuracy: 0.997
2026-07-19 13:15:53,087 update: 16450	fps: 165.829	
2026-07-19 13:15:53,088 update: 16450	env-time: 18561.903s	pth-time: 12052.672s	frames: 5264000
2026-07-19 13:15:53,088 Average window size: 50  distance_to_goal: 0.046  reward: 1.000  softspl: 0.930  sparse_reward: 2.500  spl: 0.948  success: 1.000  action_accuracy: 0.728  action_ce_loss: 0.667  action_loss: 0.667  entropy: 0.639  top_1_action_accuracy: 0.728  top_3_action_accuracy: 0.984
2026-07-19 13:17:29,096 update: 16500	fps: 165.831	
2026-07-19 13:17:29,097 update: 16500	env-time: 18616.535s	pth-time: 12089.476s	frames: 5280000
2026-07-19 13:17:29,097 Average window size: 50  distance_to_goal: 0.047  reward: 1.000  softspl: 0.932  sparse_reward: 2.500  spl: 0.947  success: 1.000  action_accuracy: 0.750  action_ce_loss: 0.559  action_loss: 0.559  entropy: 0.614  top_1_action_accuracy: 0.750  top_3_action_accuracy: 0.988
2026-07-19 13:18:58,192 update: 16550	fps: 165.869	
2026-07-19 13:18:58,192 update: 16550	env-time: 18666.474s	pth-time: 12126.207s	frames: 5296000
2026-07-19 13:18:58,192 Average window size: 50  distance_to_goal: 0.047  reward: 1.000  softspl: 0.927  sparse_reward: 2.500  spl: 0.945  success: 1.000  action_accuracy: 0.753  action_ce_loss: 0.565  action_loss: 0.565  entropy: 0.588  top_1_action_accuracy: 0.753  top_3_action_accuracy: 0.997
2026-07-19 13:20:32,919 update: 16600	fps: 165.878	
2026-07-19 13:20:32,919 update: 16600	env-time: 18719.639s	pth-time: 12163.021s	frames: 5312000
2026-07-19 13:20:32,919 Average window size: 50  distance_to_goal: 0.047  reward: 1.000  softspl: 0.939  sparse_reward: 2.500  spl: 0.950  success: 1.000  action_accuracy: 0.775  action_ce_loss: 0.521  action_loss: 0.521  entropy: 0.556  top_1_action_accuracy: 0.775  top_3_action_accuracy: 1.000
2026-07-19 13:22:02,913 update: 16650	fps: 165.912	
2026-07-19 13:22:02,914 update: 16650	env-time: 18770.407s	pth-time: 12199.822s	frames: 5328000
2026-07-19 13:22:02,914 Average window size: 50  distance_to_goal: 0.045  reward: 1.000  softspl: 0.935  sparse_reward: 2.500  spl: 0.950  success: 1.000  action_accuracy: 0.741  action_ce_loss: 0.591  action_loss: 0.591  entropy: 0.569  top_1_action_accuracy: 0.741  top_3_action_accuracy: 0.991
2026-07-19 13:23:37,463 update: 16700	fps: 165.921	
2026-07-19 13:23:37,464 update: 16700	env-time: 18823.490s	pth-time: 12236.559s	frames: 5344000
2026-07-19 13:23:37,464 Average window size: 50  distance_to_goal: 0.045  reward: 1.000  softspl: 0.940  sparse_reward: 2.500  spl: 0.951  success: 1.000  action_accuracy: 0.766  action_ce_loss: 0.562  action_loss: 0.562  entropy: 0.612  top_1_action_accuracy: 0.766  top_3_action_accuracy: 0.988
2026-07-19 13:25:03,944 update: 16750	fps: 165.973	
2026-07-19 13:25:03,945 update: 16750	env-time: 18870.797s	pth-time: 12273.334s	frames: 5360000
2026-07-19 13:25:03,945 Average window size: 50  distance_to_goal: 0.047  reward: 1.000  softspl: 0.938  sparse_reward: 2.500  spl: 0.952  success: 1.000  action_accuracy: 0.750  action_ce_loss: 0.565  action_loss: 0.565  entropy: 0.635  top_1_action_accuracy: 0.750  top_3_action_accuracy: 0.991
2026-07-19 13:26:33,552 update: 16800	fps: 166.007	
2026-07-19 13:26:33,552 update: 16800	env-time: 18918.975s	pth-time: 12309.986s	frames: 5376000
2026-07-19 13:26:33,553 Average window size: 50  distance_to_goal: 0.047  reward: 1.000  softspl: 0.945  sparse_reward: 2.500  spl: 0.955  success: 1.000  action_accuracy: 0.762  action_ce_loss: 0.569  action_loss: 0.569  entropy: 0.629  top_1_action_accuracy: 0.762  top_3_action_accuracy: 0.984
2026-07-19 13:28:16,684 update: 16850	fps: 165.973	
2026-07-19 13:28:16,684 update: 16850	env-time: 18982.644s	pth-time: 12346.806s	frames: 5392000
2026-07-19 13:28:16,684 Average window size: 50  distance_to_goal: 0.048  reward: 1.000  softspl: 0.934  sparse_reward: 2.500  spl: 0.953  success: 1.000  action_accuracy: 0.759  action_ce_loss: 0.560  action_loss: 0.560  entropy: 0.600  top_1_action_accuracy: 0.759  top_3_action_accuracy: 0.991
2026-07-19 13:29:44,663 update: 16900	fps: 166.016	
2026-07-19 13:29:44,664 update: 16900	env-time: 19029.335s	pth-time: 12383.478s	frames: 5408000
2026-07-19 13:29:44,664 Average window size: 50  distance_to_goal: 0.046  reward: 1.000  softspl: 0.935  sparse_reward: 2.500  spl: 0.951  success: 1.000  action_accuracy: 0.741  action_ce_loss: 0.616  action_loss: 0.616  entropy: 0.583  top_1_action_accuracy: 0.741  top_3_action_accuracy: 0.981
2026-07-19 13:31:11,285 update: 16950	fps: 166.065	
2026-07-19 13:31:11,285 update: 16950	env-time: 19076.536s	pth-time: 12420.320s	frames: 5424000
2026-07-19 13:31:11,285 Average window size: 50  distance_to_goal: 0.047  reward: 1.000  softspl: 0.934  sparse_reward: 2.500  spl: 0.950  success: 1.000  action_accuracy: 0.750  action_ce_loss: 0.588  action_loss: 0.588  entropy: 0.572  top_1_action_accuracy: 0.750  top_3_action_accuracy: 0.994
2026-07-19 13:32:38,336 update: 17000	fps: 166.113	
2026-07-19 13:32:38,337 update: 17000	env-time: 19122.157s	pth-time: 12456.985s	frames: 5440000
2026-07-19 13:32:38,337 Average window size: 50  distance_to_goal: 0.046  reward: 1.000  softspl: 0.932  sparse_reward: 2.500  spl: 0.953  success: 1.000  action_accuracy: 0.775  action_ce_loss: 0.584  action_loss: 0.584  entropy: 0.631  top_1_action_accuracy: 0.775  top_3_action_accuracy: 0.994
2026-07-19 13:33:55,651 update: 17050	fps: 166.209	
2026-07-19 13:33:55,652 update: 17050	env-time: 19160.646s	pth-time: 12493.605s	frames: 5456000
2026-07-19 13:33:55,652 Average window size: 50  distance_to_goal: 0.046  reward: 1.000  softspl: 0.933  sparse_reward: 2.500  spl: 0.951  success: 1.000  action_accuracy: 0.734  action_ce_loss: 0.573  action_loss: 0.573  entropy: 0.604  top_1_action_accuracy: 0.734  top_3_action_accuracy: 0.984
2026-07-19 13:35:14,070 update: 17100	fps: 166.299	
2026-07-19 13:35:14,071 update: 17100	env-time: 19197.992s	pth-time: 12530.093s	frames: 5472000
2026-07-19 13:35:14,071 Average window size: 50  distance_to_goal: 0.044  reward: 1.000  softspl: 0.942  sparse_reward: 2.500  spl: 0.953  success: 1.000  action_accuracy: 0.672  action_ce_loss: 0.697  action_loss: 0.697  entropy: 0.641  top_1_action_accuracy: 0.672  top_3_action_accuracy: 0.991
2026-07-19 13:36:33,789 update: 17150	fps: 166.382	
2026-07-19 13:36:33,789 update: 17150	env-time: 19239.079s	pth-time: 12566.565s	frames: 5488000
2026-07-19 13:36:33,789 Average window size: 50  distance_to_goal: 0.047  reward: 1.000  softspl: 0.937  sparse_reward: 2.500  spl: 0.950  success: 1.000  action_accuracy: 0.791  action_ce_loss: 0.518  action_loss: 0.518  entropy: 0.540  top_1_action_accuracy: 0.791  top_3_action_accuracy: 0.994
2026-07-19 13:37:57,509 update: 17200	fps: 166.445	
2026-07-19 13:37:57,510 update: 17200	env-time: 19281.425s	pth-time: 12603.166s	frames: 5504000
2026-07-19 13:37:57,510 Average window size: 50  distance_to_goal: 0.045  reward: 1.000  softspl: 0.938  sparse_reward: 2.500  spl: 0.946  success: 1.000  action_accuracy: 0.725  action_ce_loss: 0.616  action_loss: 0.616  entropy: 0.631  top_1_action_accuracy: 0.725  top_3_action_accuracy: 0.988
2026-07-19 13:39:17,634 update: 17250	fps: 166.525	
2026-07-19 13:39:17,634 update: 17250	env-time: 19322.702s	pth-time: 12639.700s	frames: 5520000
2026-07-19 13:39:17,634 Average window size: 50  distance_to_goal: 0.043  reward: 1.000  softspl: 0.939  sparse_reward: 2.500  spl: 0.947  success: 1.000  action_accuracy: 0.759  action_ce_loss: 0.513  action_loss: 0.513  entropy: 0.561  top_1_action_accuracy: 0.759  top_3_action_accuracy: 0.997
2026-07-19 13:40:42,797 update: 17300	fps: 166.580	
2026-07-19 13:40:42,798 update: 17300	env-time: 19366.422s	pth-time: 12676.362s	frames: 5536000
2026-07-19 13:40:42,798 Average window size: 50  distance_to_goal: 0.045  reward: 1.000  softspl: 0.932  sparse_reward: 2.500  spl: 0.946  success: 1.000  action_accuracy: 0.775  action_ce_loss: 0.566  action_loss: 0.566  entropy: 0.613  top_1_action_accuracy: 0.775  top_3_action_accuracy: 0.991
2026-07-19 13:42:07,002 update: 17350	fps: 166.639	
2026-07-19 13:42:07,002 update: 17350	env-time: 19411.591s	pth-time: 12712.993s	frames: 5552000
2026-07-19 13:42:07,002 Average window size: 50  distance_to_goal: 0.043  reward: 1.000  softspl: 0.936  sparse_reward: 2.500  spl: 0.951  success: 1.000  action_accuracy: 0.744  action_ce_loss: 0.575  action_loss: 0.575  entropy: 0.521  top_1_action_accuracy: 0.744  top_3_action_accuracy: 0.994
2026-07-19 13:43:31,251 update: 17400	fps: 166.698	
2026-07-19 13:43:31,252 update: 17400	env-time: 19454.454s	pth-time: 12749.636s	frames: 5568000
2026-07-19 13:43:31,252 Average window size: 50  distance_to_goal: 0.046  reward: 1.000  softspl: 0.941  sparse_reward: 2.500  spl: 0.952  success: 1.000  action_accuracy: 0.728  action_ce_loss: 0.624  action_loss: 0.624  entropy: 0.556  top_1_action_accuracy: 0.728  top_3_action_accuracy: 0.988
2026-07-19 13:44:52,897 update: 17450	fps: 166.769	
2026-07-19 13:44:52,898 update: 17450	env-time: 19497.178s	pth-time: 12786.165s	frames: 5584000
2026-07-19 13:44:52,898 Average window size: 50  distance_to_goal: 0.047  reward: 1.000  softspl: 0.946  sparse_reward: 2.500  spl: 0.954  success: 1.000  action_accuracy: 0.762  action_ce_loss: 0.578  action_loss: 0.578  entropy: 0.539  top_1_action_accuracy: 0.762  top_3_action_accuracy: 0.997
2026-07-19 13:46:17,042 update: 17500	fps: 166.828	
2026-07-19 13:46:17,043 update: 17500	env-time: 19540.155s	pth-time: 12822.640s	frames: 5600000
2026-07-19 13:46:17,043 Average window size: 50  distance_to_goal: 0.046  reward: 1.000  softspl: 0.942  sparse_reward: 2.500  spl: 0.953  success: 1.000  action_accuracy: 0.759  action_ce_loss: 0.574  action_loss: 0.574  entropy: 0.614  top_1_action_accuracy: 0.759  top_3_action_accuracy: 0.991
2026-07-19 13:47:53,792 update: 17550	fps: 166.823	
2026-07-19 13:47:53,792 update: 17550	env-time: 19597.086s	pth-time: 12859.439s	frames: 5616000
2026-07-19 13:47:53,792 Average window size: 50  distance_to_goal: 0.046  reward: 1.000  softspl: 0.944  sparse_reward: 2.500  spl: 0.953  success: 1.000  action_accuracy: 0.772  action_ce_loss: 0.542  action_loss: 0.542  entropy: 0.628  top_1_action_accuracy: 0.772  top_3_action_accuracy: 0.988
2026-07-19 13:49:44,332 update: 17600	fps: 166.751	
2026-07-19 13:49:44,333 update: 17600	env-time: 19665.781s	pth-time: 12896.397s	frames: 5632000
2026-07-19 13:49:44,333 Average window size: 50  distance_to_goal: 0.068  reward: 0.997  softspl: 0.942  sparse_reward: 2.492  spl: 0.949  success: 0.997  action_accuracy: 0.738  action_ce_loss: 0.594  action_loss: 0.594  entropy: 0.626  top_1_action_accuracy: 0.738  top_3_action_accuracy: 0.997
2026-07-19 13:51:20,163 update: 17650	fps: 166.752	
2026-07-19 13:51:20,163 update: 17650	env-time: 19722.410s	pth-time: 12933.125s	frames: 5648000
2026-07-19 13:51:20,163 Average window size: 50  distance_to_goal: 0.045  reward: 1.000  softspl: 0.940  sparse_reward: 2.500  spl: 0.948  success: 1.000  action_accuracy: 0.762  action_ce_loss: 0.579  action_loss: 0.579  entropy: 0.572  top_1_action_accuracy: 0.762  top_3_action_accuracy: 0.988
2026-07-19 13:53:05,319 update: 17700	fps: 166.707	
2026-07-19 13:53:05,319 update: 17700	env-time: 19785.831s	pth-time: 12970.080s	frames: 5664000
2026-07-19 13:53:05,319 Average window size: 50  distance_to_goal: 0.046  reward: 1.000  softspl: 0.939  sparse_reward: 2.500  spl: 0.946  success: 1.000  action_accuracy: 0.753  action_ce_loss: 0.560  action_loss: 0.560  entropy: 0.549  top_1_action_accuracy: 0.753  top_3_action_accuracy: 0.997
2026-07-19 13:54:39,130 update: 17750	fps: 166.717	
2026-07-19 13:54:39,130 update: 17750	env-time: 19840.632s	pth-time: 13006.786s	frames: 5680000
2026-07-19 13:54:39,130 Average window size: 50  distance_to_goal: 0.045  reward: 1.000  softspl: 0.939  sparse_reward: 2.500  spl: 0.950  success: 1.000  action_accuracy: 0.778  action_ce_loss: 0.568  action_loss: 0.568  entropy: 0.559  top_1_action_accuracy: 0.778  top_3_action_accuracy: 0.984
2026-07-19 13:56:18,821 update: 17800	fps: 166.699	
2026-07-19 13:56:18,822 update: 17800	env-time: 19899.013s	pth-time: 13043.457s	frames: 5696000
2026-07-19 13:56:18,822 Average window size: 50  distance_to_goal: 0.049  reward: 1.000  softspl: 0.942  sparse_reward: 2.500  spl: 0.951  success: 1.000  action_accuracy: 0.762  action_ce_loss: 0.574  action_loss: 0.574  entropy: 0.547  top_1_action_accuracy: 0.762  top_3_action_accuracy: 0.994
2026-07-19 13:57:41,052 update: 17850	fps: 166.766	
2026-07-19 13:57:41,052 update: 17850	env-time: 19942.351s	pth-time: 13080.137s	frames: 5712000
2026-07-19 13:57:41,052 Average window size: 50  distance_to_goal: 0.046  reward: 1.000  softspl: 0.936  sparse_reward: 2.500  spl: 0.950  success: 1.000  action_accuracy: 0.753  action_ce_loss: 0.574  action_loss: 0.574  entropy: 0.590  top_1_action_accuracy: 0.753  top_3_action_accuracy: 0.981
2026-07-19 13:59:04,853 update: 17900	fps: 166.825	
2026-07-19 13:59:04,853 update: 17900	env-time: 19985.072s	pth-time: 13116.731s	frames: 5728000
2026-07-19 13:59:04,853 Average window size: 50  distance_to_goal: 0.046  reward: 1.000  softspl: 0.936  sparse_reward: 2.500  spl: 0.952  success: 1.000  action_accuracy: 0.725  action_ce_loss: 0.618  action_loss: 0.618  entropy: 0.589  top_1_action_accuracy: 0.725  top_3_action_accuracy: 0.984
2026-07-19 14:00:30,053 update: 17950	fps: 166.877	
2026-07-19 14:00:30,054 update: 17950	env-time: 20031.290s	pth-time: 13153.482s	frames: 5744000
2026-07-19 14:00:30,054 Average window size: 50  distance_to_goal: 0.047  reward: 1.000  softspl: 0.939  sparse_reward: 2.500  spl: 0.953  success: 1.000  action_accuracy: 0.738  action_ce_loss: 0.592  action_loss: 0.592  entropy: 0.628  top_1_action_accuracy: 0.738  top_3_action_accuracy: 0.997
2026-07-19 14:02:04,536 update: 18000	fps: 166.884	
2026-07-19 14:02:04,536 update: 18000	env-time: 20084.229s	pth-time: 13190.434s	frames: 5760000
2026-07-19 14:02:04,536 Average window size: 50  distance_to_goal: 0.046  reward: 1.000  softspl: 0.939  sparse_reward: 2.500  spl: 0.948  success: 1.000  action_accuracy: 0.734  action_ce_loss: 0.600  action_loss: 0.600  entropy: 0.611  top_1_action_accuracy: 0.734  top_3_action_accuracy: 0.991
2026-07-19 14:03:31,672 update: 18050	fps: 166.926	
2026-07-19 14:03:31,672 update: 18050	env-time: 20132.079s	pth-time: 13227.288s	frames: 5776000
2026-07-19 14:03:31,673 Average window size: 50  distance_to_goal: 0.047  reward: 1.000  softspl: 0.934  sparse_reward: 2.500  spl: 0.949  success: 1.000  action_accuracy: 0.762  action_ce_loss: 0.577  action_loss: 0.577  entropy: 0.550  top_1_action_accuracy: 0.762  top_3_action_accuracy: 0.984
2026-07-19 14:04:59,749 update: 18100	fps: 166.963	
2026-07-19 14:04:59,749 update: 18100	env-time: 20179.874s	pth-time: 13264.146s	frames: 5792000
2026-07-19 14:04:59,750 Average window size: 50  distance_to_goal: 0.046  reward: 1.000  softspl: 0.934  sparse_reward: 2.500  spl: 0.949  success: 1.000  action_accuracy: 0.769  action_ce_loss: 0.530  action_loss: 0.530  entropy: 0.545  top_1_action_accuracy: 0.769  top_3_action_accuracy: 0.997
2026-07-19 14:06:22,489 update: 18150	fps: 167.026	
2026-07-19 14:06:22,490 update: 18150	env-time: 20223.627s	pth-time: 13300.831s	frames: 5808000
2026-07-19 14:06:22,490 Average window size: 50  distance_to_goal: 0.046  reward: 1.000  softspl: 0.924  sparse_reward: 2.500  spl: 0.949  success: 1.000  action_accuracy: 0.769  action_ce_loss: 0.549  action_loss: 0.549  entropy: 0.524  top_1_action_accuracy: 0.769  top_3_action_accuracy: 0.991
2026-07-19 14:07:47,902 update: 18200	fps: 167.076	
2026-07-19 14:07:47,902 update: 18200	env-time: 20267.868s	pth-time: 13337.519s	frames: 5824000
2026-07-19 14:07:47,902 Average window size: 50  distance_to_goal: 0.044  reward: 1.000  softspl: 0.936  sparse_reward: 2.500  spl: 0.947  success: 1.000  action_accuracy: 0.759  action_ce_loss: 0.563  action_loss: 0.563  entropy: 0.560  top_1_action_accuracy: 0.759  top_3_action_accuracy: 0.994
2026-07-19 14:09:10,163 update: 18250	fps: 167.140	
2026-07-19 14:09:10,163 update: 18250	env-time: 20311.037s	pth-time: 13374.332s	frames: 5840000
2026-07-19 14:09:10,163 Average window size: 50  distance_to_goal: 0.047  reward: 1.000  softspl: 0.931  sparse_reward: 2.500  spl: 0.949  success: 1.000  action_accuracy: 0.794  action_ce_loss: 0.541  action_loss: 0.541  entropy: 0.633  top_1_action_accuracy: 0.794  top_3_action_accuracy: 0.984
2026-07-19 14:10:39,902 update: 18300	fps: 167.169	
2026-07-19 14:10:39,903 update: 18300	env-time: 20359.469s	pth-time: 13411.121s	frames: 5856000
2026-07-19 14:10:39,903 Average window size: 50  distance_to_goal: 0.048  reward: 1.000  softspl: 0.939  sparse_reward: 2.500  spl: 0.951  success: 1.000  action_accuracy: 0.744  action_ce_loss: 0.610  action_loss: 0.610  entropy: 0.651  top_1_action_accuracy: 0.744  top_3_action_accuracy: 0.994
2026-07-19 14:12:05,147 update: 18350	fps: 167.219	
2026-07-19 14:12:05,148 update: 18350	env-time: 20405.804s	pth-time: 13447.718s	frames: 5872000
2026-07-19 14:12:05,148 Average window size: 50  distance_to_goal: 0.048  reward: 1.000  softspl: 0.939  sparse_reward: 2.500  spl: 0.951  success: 1.000  action_accuracy: 0.769  action_ce_loss: 0.531  action_loss: 0.531  entropy: 0.583  top_1_action_accuracy: 0.769  top_3_action_accuracy: 0.984
2026-07-19 14:13:46,855 update: 18400	fps: 167.190	
2026-07-19 14:13:46,856 update: 18400	env-time: 20466.139s	pth-time: 13484.406s	frames: 5888000
2026-07-19 14:13:46,856 Average window size: 50  distance_to_goal: 0.047  reward: 1.000  softspl: 0.938  sparse_reward: 2.500  spl: 0.951  success: 1.000  action_accuracy: 0.747  action_ce_loss: 0.570  action_loss: 0.570  entropy: 0.561  top_1_action_accuracy: 0.747  top_3_action_accuracy: 0.997
2026-07-19 14:15:09,244 update: 18450	fps: 167.253	
2026-07-19 14:15:09,244 update: 18450	env-time: 20509.478s	pth-time: 13521.153s	frames: 5904000
2026-07-19 14:15:09,245 Average window size: 50  distance_to_goal: 0.049  reward: 1.000  softspl: 0.939  sparse_reward: 2.500  spl: 0.949  success: 1.000  action_accuracy: 0.734  action_ce_loss: 0.607  action_loss: 0.607  entropy: 0.587  top_1_action_accuracy: 0.734  top_3_action_accuracy: 1.000
2026-07-19 14:16:42,720 update: 18500	fps: 167.263	
2026-07-19 14:16:42,720 update: 18500	env-time: 20561.467s	pth-time: 13557.955s	frames: 5920000
2026-07-19 14:16:42,720 Average window size: 50  distance_to_goal: 0.045  reward: 1.000  softspl: 0.923  sparse_reward: 2.500  spl: 0.948  success: 1.000  action_accuracy: 0.762  action_ce_loss: 0.534  action_loss: 0.534  entropy: 0.588  top_1_action_accuracy: 0.762  top_3_action_accuracy: 0.994
2026-07-19 14:18:02,641 update: 18550	fps: 167.338	
2026-07-19 14:18:02,641 update: 18550	env-time: 20602.575s	pth-time: 13594.513s	frames: 5936000
2026-07-19 14:18:02,641 Average window size: 50  distance_to_goal: 0.046  reward: 1.000  softspl: 0.901  sparse_reward: 2.500  spl: 0.951  success: 1.000  action_accuracy: 0.744  action_ce_loss: 0.571  action_loss: 0.571  entropy: 0.624  top_1_action_accuracy: 0.744  top_3_action_accuracy: 0.988
2026-07-19 14:19:28,708 update: 18600	fps: 167.383	
2026-07-19 14:19:28,709 update: 18600	env-time: 20647.377s	pth-time: 13631.160s	frames: 5952000
2026-07-19 14:19:28,709 Average window size: 50  distance_to_goal: 0.062  reward: 0.997  softspl: 0.918  sparse_reward: 2.493  spl: 0.944  success: 0.997  action_accuracy: 0.766  action_ce_loss: 0.568  action_loss: 0.568  entropy: 0.615  top_1_action_accuracy: 0.766  top_3_action_accuracy: 0.988
2026-07-19 14:20:46,524 update: 18650	fps: 167.466	
2026-07-19 14:20:46,524 update: 18650	env-time: 20686.353s	pth-time: 13667.879s	frames: 5968000
2026-07-19 14:20:46,524 Average window size: 50  distance_to_goal: 0.046  reward: 1.000  softspl: 0.912  sparse_reward: 2.500  spl: 0.947  success: 1.000  action_accuracy: 0.734  action_ce_loss: 0.586  action_loss: 0.586  entropy: 0.554  top_1_action_accuracy: 0.734  top_3_action_accuracy: 0.991
2026-07-19 14:22:11,716 update: 18700	fps: 167.515	
2026-07-19 14:22:11,717 update: 18700	env-time: 20730.048s	pth-time: 13704.604s	frames: 5984000
2026-07-19 14:22:11,717 Average window size: 50  distance_to_goal: 0.048  reward: 1.000  softspl: 0.878  sparse_reward: 2.500  spl: 0.951  success: 1.000  action_accuracy: 0.784  action_ce_loss: 0.533  action_loss: 0.533  entropy: 0.565  top_1_action_accuracy: 0.784  top_3_action_accuracy: 0.988
2026-07-19 14:23:31,450 update: 18750	fps: 167.588	
2026-07-19 14:23:31,451 update: 18750	env-time: 20770.778s	pth-time: 13741.285s	frames: 6000000
2026-07-19 14:23:31,451 Average window size: 50  distance_to_goal: 0.045  reward: 1.000  softspl: 0.885  sparse_reward: 2.500  spl: 0.954  success: 1.000  action_accuracy: 0.725  action_ce_loss: 0.664  action_loss: 0.664  entropy: 0.652  top_1_action_accuracy: 0.725  top_3_action_accuracy: 0.978
2026-07-19 14:24:55,028 update: 18800	fps: 167.644	
2026-07-19 14:24:55,028 update: 18800	env-time: 20813.216s	pth-time: 13777.888s	frames: 6016000
2026-07-19 14:24:55,028 Average window size: 50  distance_to_goal: 0.046  reward: 1.000  softspl: 0.915  sparse_reward: 2.500  spl: 0.948  success: 1.000  action_accuracy: 0.734  action_ce_loss: 0.611  action_loss: 0.611  entropy: 0.630  top_1_action_accuracy: 0.734  top_3_action_accuracy: 0.988
2026-07-19 14:26:14,438 update: 18850	fps: 167.719	
2026-07-19 14:26:14,439 update: 18850	env-time: 20853.733s	pth-time: 13814.516s	frames: 6032000
2026-07-19 14:26:14,439 Average window size: 50  distance_to_goal: 0.045  reward: 1.000  softspl: 0.922  sparse_reward: 2.500  spl: 0.953  success: 1.000  action_accuracy: 0.800  action_ce_loss: 0.525  action_loss: 0.525  entropy: 0.576  top_1_action_accuracy: 0.800  top_3_action_accuracy: 0.984
2026-07-19 14:27:39,062 update: 18900	fps: 167.769	
2026-07-19 14:27:39,062 update: 18900	env-time: 20897.107s	pth-time: 13851.240s	frames: 6048000
2026-07-19 14:27:39,062 Average window size: 50  distance_to_goal: 0.045  reward: 1.000  softspl: 0.910  sparse_reward: 2.500  spl: 0.956  success: 1.000  action_accuracy: 0.759  action_ce_loss: 0.552  action_loss: 0.552  entropy: 0.520  top_1_action_accuracy: 0.759  top_3_action_accuracy: 1.000
2026-07-19 14:28:59,027 update: 18950	fps: 167.840	
2026-07-19 14:28:59,028 update: 18950	env-time: 20938.149s	pth-time: 13887.917s	frames: 6064000
2026-07-19 14:28:59,028 Average window size: 50  distance_to_goal: 0.049  reward: 1.000  softspl: 0.920  sparse_reward: 2.500  spl: 0.952  success: 1.000  action_accuracy: 0.741  action_ce_loss: 0.562  action_loss: 0.562  entropy: 0.614  top_1_action_accuracy: 0.741  top_3_action_accuracy: 0.991
2026-07-19 14:30:22,822 update: 19000	fps: 167.894	
2026-07-19 14:30:22,822 update: 19000	env-time: 20980.822s	pth-time: 13924.520s	frames: 6080000
2026-07-19 14:30:22,822 Average window size: 50  distance_to_goal: 0.046  reward: 1.000  softspl: 0.930  sparse_reward: 2.500  spl: 0.947  success: 1.000  action_accuracy: 0.759  action_ce_loss: 0.552  action_loss: 0.552  entropy: 0.612  top_1_action_accuracy: 0.759  top_3_action_accuracy: 0.984
2026-07-19 14:31:48,141 update: 19050	fps: 167.940	
2026-07-19 14:31:48,142 update: 19050	env-time: 21027.053s	pth-time: 13961.276s	frames: 6096000
2026-07-19 14:31:48,142 Average window size: 50  distance_to_goal: 0.048  reward: 1.000  softspl: 0.936  sparse_reward: 2.500  spl: 0.948  success: 1.000  action_accuracy: 0.775  action_ce_loss: 0.541  action_loss: 0.541  entropy: 0.605  top_1_action_accuracy: 0.775  top_3_action_accuracy: 0.994
2026-07-19 14:33:12,667 update: 19100	fps: 167.990	
2026-07-19 14:33:12,667 update: 19100	env-time: 21071.258s	pth-time: 13998.065s	frames: 6112000
2026-07-19 14:33:12,667 Average window size: 50  distance_to_goal: 0.049  reward: 1.000  softspl: 0.938  sparse_reward: 2.500  spl: 0.951  success: 1.000  action_accuracy: 0.709  action_ce_loss: 0.708  action_loss: 0.708  entropy: 0.671  top_1_action_accuracy: 0.709  top_3_action_accuracy: 0.988
2026-07-19 14:34:34,198 update: 19150	fps: 168.053	
2026-07-19 14:34:34,199 update: 19150	env-time: 21113.787s	pth-time: 14034.888s	frames: 6128000
2026-07-19 14:34:34,199 Average window size: 50  distance_to_goal: 0.046  reward: 1.000  softspl: 0.933  sparse_reward: 2.500  spl: 0.948  success: 1.000  action_accuracy: 0.712  action_ce_loss: 0.640  action_loss: 0.640  entropy: 0.583  top_1_action_accuracy: 0.712  top_3_action_accuracy: 0.991
2026-07-19 14:35:57,698 update: 19200	fps: 168.107	
2026-07-19 14:35:57,699 update: 19200	env-time: 21156.010s	pth-time: 14071.452s	frames: 6144000
2026-07-19 14:35:57,699 Average window size: 50  distance_to_goal: 0.048  reward: 1.000  softspl: 0.937  sparse_reward: 2.500  spl: 0.947  success: 1.000  action_accuracy: 0.722  action_ce_loss: 0.673  action_loss: 0.673  entropy: 0.638  top_1_action_accuracy: 0.722  top_3_action_accuracy: 0.972
2026-07-19 14:37:19,083 update: 19250	fps: 168.170	
2026-07-19 14:37:19,083 update: 19250	env-time: 21198.571s	pth-time: 14108.057s	frames: 6160000
2026-07-19 14:37:19,083 Average window size: 50  distance_to_goal: 0.046  reward: 1.000  softspl: 0.937  sparse_reward: 2.500  spl: 0.946  success: 1.000  action_accuracy: 0.747  action_ce_loss: 0.617  action_loss: 0.617  entropy: 0.571  top_1_action_accuracy: 0.747  top_3_action_accuracy: 0.991
2026-07-19 14:38:38,322 update: 19300	fps: 168.243	
2026-07-19 14:38:38,322 update: 19300	env-time: 21236.899s	pth-time: 14144.576s	frames: 6176000
2026-07-19 14:38:38,322 Average window size: 50  distance_to_goal: 0.043  reward: 1.000  softspl: 0.908  sparse_reward: 2.500  spl: 0.950  success: 1.000  action_accuracy: 0.725  action_ce_loss: 0.607  action_loss: 0.607  entropy: 0.603  top_1_action_accuracy: 0.725  top_3_action_accuracy: 0.994
2026-07-19 14:39:53,108 update: 19350	fps: 168.336	
2026-07-19 14:39:53,109 update: 19350	env-time: 21273.014s	pth-time: 14181.081s	frames: 6192000
2026-07-19 14:39:53,109 Average window size: 50  distance_to_goal: 0.047  reward: 1.000  softspl: 0.876  sparse_reward: 2.500  spl: 0.950  success: 1.000  action_accuracy: 0.762  action_ce_loss: 0.563  action_loss: 0.563  entropy: 0.584  top_1_action_accuracy: 0.762  top_3_action_accuracy: 0.984
2026-07-19 14:41:10,780 update: 19400	fps: 168.415	
2026-07-19 14:41:10,781 update: 19400	env-time: 21309.698s	pth-time: 14217.746s	frames: 6208000
2026-07-19 14:41:10,781 Average window size: 50  distance_to_goal: 0.046  reward: 1.000  softspl: 0.895  sparse_reward: 2.500  spl: 0.952  success: 1.000  action_accuracy: 0.747  action_ce_loss: 0.596  action_loss: 0.596  entropy: 0.606  top_1_action_accuracy: 0.747  top_3_action_accuracy: 0.984
2026-07-19 14:42:23,160 update: 19450	fps: 168.518	
2026-07-19 14:42:23,160 update: 19450	env-time: 21343.638s	pth-time: 14254.146s	frames: 6224000
2026-07-19 14:42:23,161 Average window size: 50  distance_to_goal: 0.047  reward: 1.000  softspl: 0.902  sparse_reward: 2.500  spl: 0.953  success: 1.000  action_accuracy: 0.750  action_ce_loss: 0.551  action_loss: 0.551  entropy: 0.557  top_1_action_accuracy: 0.750  top_3_action_accuracy: 0.988
2026-07-19 14:43:39,240 update: 19500	fps: 168.604	
2026-07-19 14:43:39,240 update: 19500	env-time: 21378.798s	pth-time: 14290.601s	frames: 6240000
2026-07-19 14:43:39,240 Average window size: 50  distance_to_goal: 0.046  reward: 1.000  softspl: 0.906  sparse_reward: 2.500  spl: 0.950  success: 1.000  action_accuracy: 0.791  action_ce_loss: 0.533  action_loss: 0.533  entropy: 0.587  top_1_action_accuracy: 0.791  top_3_action_accuracy: 0.994
2026-07-19 14:44:50,566 update: 19550	fps: 168.711	
2026-07-19 14:44:50,566 update: 19550	env-time: 21411.566s	pth-time: 14326.996s	frames: 6256000
2026-07-19 14:44:50,567 Average window size: 50  distance_to_goal: 0.046  reward: 1.000  softspl: 0.885  sparse_reward: 2.500  spl: 0.949  success: 1.000  action_accuracy: 0.719  action_ce_loss: 0.610  action_loss: 0.610  entropy: 0.556  top_1_action_accuracy: 0.719  top_3_action_accuracy: 0.991
2026-07-19 14:46:06,286 update: 19600	fps: 168.798	
2026-07-19 14:46:06,287 update: 19600	env-time: 21446.395s	pth-time: 14363.480s	frames: 6272000
2026-07-19 14:46:06,287 Average window size: 50  distance_to_goal: 0.045  reward: 1.000  softspl: 0.906  sparse_reward: 2.500  spl: 0.949  success: 1.000  action_accuracy: 0.744  action_ce_loss: 0.578  action_loss: 0.578  entropy: 0.573  top_1_action_accuracy: 0.744  top_3_action_accuracy: 0.994
2026-07-19 14:47:27,149 update: 19650	fps: 168.861	
2026-07-19 14:47:27,149 update: 19650	env-time: 21488.250s	pth-time: 14400.119s	frames: 6288000
2026-07-19 14:47:27,149 Average window size: 50  distance_to_goal: 0.046  reward: 1.000  softspl: 0.935  sparse_reward: 2.500  spl: 0.950  success: 1.000  action_accuracy: 0.725  action_ce_loss: 0.627  action_loss: 0.627  entropy: 0.563  top_1_action_accuracy: 0.725  top_3_action_accuracy: 0.991
2026-07-19 14:48:51,947 update: 19700	fps: 168.906	
2026-07-19 14:48:51,948 update: 19700	env-time: 21531.823s	pth-time: 14436.817s	frames: 6304000
2026-07-19 14:48:51,948 Average window size: 50  distance_to_goal: 0.046  reward: 1.000  softspl: 0.933  sparse_reward: 2.500  spl: 0.950  success: 1.000  action_accuracy: 0.744  action_ce_loss: 0.571  action_loss: 0.571  entropy: 0.584  top_1_action_accuracy: 0.744  top_3_action_accuracy: 0.991
2026-07-19 14:50:13,778 update: 19750	fps: 168.964	
2026-07-19 14:50:13,778 update: 19750	env-time: 21574.614s	pth-time: 14473.579s	frames: 6320000
2026-07-19 14:50:13,778 Average window size: 50  distance_to_goal: 0.045  reward: 1.000  softspl: 0.937  sparse_reward: 2.500  spl: 0.948  success: 1.000  action_accuracy: 0.769  action_ce_loss: 0.522  action_loss: 0.522  entropy: 0.547  top_1_action_accuracy: 0.769  top_3_action_accuracy: 0.988
2026-07-19 14:51:35,624 update: 19800	fps: 169.022	
2026-07-19 14:51:35,624 update: 19800	env-time: 21615.443s	pth-time: 14510.119s	frames: 6336000
2026-07-19 14:51:35,624 Average window size: 50  distance_to_goal: 0.044  reward: 1.000  softspl: 0.913  sparse_reward: 2.500  spl: 0.949  success: 1.000  action_accuracy: 0.738  action_ce_loss: 0.590  action_loss: 0.590  entropy: 0.589  top_1_action_accuracy: 0.738  top_3_action_accuracy: 0.997
2026-07-19 14:52:56,094 update: 19850	fps: 169.086	
2026-07-19 14:52:56,095 update: 19850	env-time: 21657.127s	pth-time: 14546.736s	frames: 6352000
2026-07-19 14:52:56,095 Average window size: 50  distance_to_goal: 0.046  reward: 1.000  softspl: 0.909  sparse_reward: 2.500  spl: 0.953  success: 1.000  action_accuracy: 0.738  action_ce_loss: 0.609  action_loss: 0.609  entropy: 0.597  top_1_action_accuracy: 0.738  top_3_action_accuracy: 0.994
2026-07-19 14:54:24,947 update: 19900	fps: 169.112	
2026-07-19 14:54:24,947 update: 19900	env-time: 21704.692s	pth-time: 14583.303s	frames: 6368000
2026-07-19 14:54:24,947 Average window size: 50  distance_to_goal: 0.044  reward: 1.000  softspl: 0.923  sparse_reward: 2.500  spl: 0.950  success: 1.000  action_accuracy: 0.769  action_ce_loss: 0.524  action_loss: 0.524  entropy: 0.570  top_1_action_accuracy: 0.769  top_3_action_accuracy: 0.994
2026-07-19 14:56:15,477 update: 19950	fps: 169.041	
2026-07-19 14:56:15,477 update: 19950	env-time: 21775.355s	pth-time: 14620.450s	frames: 6384000
2026-07-19 14:56:15,478 Average window size: 50  distance_to_goal: 0.047  reward: 1.000  softspl: 0.916  sparse_reward: 2.500  spl: 0.947  success: 1.000  action_accuracy: 0.750  action_ce_loss: 0.541  action_loss: 0.541  entropy: 0.580  top_1_action_accuracy: 0.750  top_3_action_accuracy: 0.994
2026-07-19 14:57:50,510 update: 20000	fps: 169.039	
2026-07-19 14:57:50,511 update: 20000	env-time: 21828.933s	pth-time: 14657.254s	frames: 6400000
2026-07-19 14:57:50,511 Average window size: 50  distance_to_goal: 0.047  reward: 1.000  softspl: 0.922  sparse_reward: 2.500  spl: 0.946  success: 1.000  action_accuracy: 0.759  action_ce_loss: 0.613  action_loss: 0.613  entropy: 0.626  top_1_action_accuracy: 0.759  top_3_action_accuracy: 0.997
2026-07-19 14:59:27,755 update: 20050	fps: 169.028	
2026-07-19 14:59:27,756 update: 20050	env-time: 21886.410s	pth-time: 14694.076s	frames: 6416000
2026-07-19 14:59:27,756 Average window size: 50  distance_to_goal: 0.047  reward: 1.000  softspl: 0.925  sparse_reward: 2.500  spl: 0.946  success: 1.000  action_accuracy: 0.797  action_ce_loss: 0.514  action_loss: 0.514  entropy: 0.562  top_1_action_accuracy: 0.797  top_3_action_accuracy: 0.988
2026-07-19 15:01:06,104 update: 20100	fps: 169.011	
2026-07-19 15:01:06,104 update: 20100	env-time: 21943.320s	pth-time: 14730.750s	frames: 6432000
2026-07-19 15:01:06,104 Average window size: 50  distance_to_goal: 0.047  reward: 1.000  softspl: 0.932  sparse_reward: 2.500  spl: 0.948  success: 1.000  action_accuracy: 0.694  action_ce_loss: 0.658  action_loss: 0.658  entropy: 0.619  top_1_action_accuracy: 0.694  top_3_action_accuracy: 0.988
2026-07-19 15:02:44,578 update: 20150	fps: 168.994	
2026-07-19 15:02:44,579 update: 20150	env-time: 22002.497s	pth-time: 14767.495s	frames: 6448000
2026-07-19 15:02:44,579 Average window size: 50  distance_to_goal: 0.047  reward: 1.000  softspl: 0.936  sparse_reward: 2.500  spl: 0.948  success: 1.000  action_accuracy: 0.734  action_ce_loss: 0.610  action_loss: 0.610  entropy: 0.609  top_1_action_accuracy: 0.734  top_3_action_accuracy: 0.978
2026-07-19 15:04:12,340 update: 20200	fps: 169.025	
2026-07-19 15:04:12,341 update: 20200	env-time: 22050.024s	pth-time: 14804.149s	frames: 6464000
2026-07-19 15:04:12,341 Average window size: 50  distance_to_goal: 0.047  reward: 1.000  softspl: 0.935  sparse_reward: 2.500  spl: 0.949  success: 1.000  action_accuracy: 0.734  action_ce_loss: 0.578  action_loss: 0.578  entropy: 0.639  top_1_action_accuracy: 0.734  top_3_action_accuracy: 0.991
2026-07-19 15:05:45,185 update: 20250	fps: 169.033	
2026-07-19 15:05:45,185 update: 20250	env-time: 22103.854s	pth-time: 14840.898s	frames: 6480000
2026-07-19 15:05:45,185 Average window size: 50  distance_to_goal: 0.047  reward: 1.000  softspl: 0.935  sparse_reward: 2.500  spl: 0.947  success: 1.000  action_accuracy: 0.800  action_ce_loss: 0.539  action_loss: 0.539  entropy: 0.617  top_1_action_accuracy: 0.800  top_3_action_accuracy: 0.997
2026-07-19 15:07:13,703 update: 20300	fps: 169.060	
2026-07-19 15:07:13,703 update: 20300	env-time: 22150.968s	pth-time: 14877.589s	frames: 6496000
2026-07-19 15:07:13,703 Average window size: 50  distance_to_goal: 0.046  reward: 1.000  softspl: 0.935  sparse_reward: 2.500  spl: 0.951  success: 1.000  action_accuracy: 0.775  action_ce_loss: 0.519  action_loss: 0.519  entropy: 0.584  top_1_action_accuracy: 0.775  top_3_action_accuracy: 0.994
2026-07-19 15:08:45,898 update: 20350	fps: 169.071	
2026-07-19 15:08:45,898 update: 20350	env-time: 22203.864s	pth-time: 14914.402s	frames: 6512000
2026-07-19 15:08:45,898 Average window size: 50  distance_to_goal: 0.045  reward: 1.000  softspl: 0.930  sparse_reward: 2.500  spl: 0.951  success: 1.000  action_accuracy: 0.728  action_ce_loss: 0.642  action_loss: 0.642  entropy: 0.585  top_1_action_accuracy: 0.728  top_3_action_accuracy: 0.988
2026-07-19 15:10:15,075 update: 20400	fps: 169.095	
2026-07-19 15:10:15,075 update: 20400	env-time: 22251.677s	pth-time: 14951.115s	frames: 6528000
2026-07-19 15:10:15,075 Average window size: 50  distance_to_goal: 0.044  reward: 1.000  softspl: 0.931  sparse_reward: 2.500  spl: 0.949  success: 1.000  action_accuracy: 0.766  action_ce_loss: 0.572  action_loss: 0.572  entropy: 0.584  top_1_action_accuracy: 0.766  top_3_action_accuracy: 0.997
2026-07-19 15:11:38,842 update: 20450	fps: 169.142	
2026-07-19 15:11:38,843 update: 20450	env-time: 22296.375s	pth-time: 14987.809s	frames: 6544000
2026-07-19 15:11:38,843 Average window size: 50  distance_to_goal: 0.046  reward: 1.000  softspl: 0.936  sparse_reward: 2.500  spl: 0.951  success: 1.000  action_accuracy: 0.769  action_ce_loss: 0.584  action_loss: 0.584  entropy: 0.591  top_1_action_accuracy: 0.769  top_3_action_accuracy: 0.997
2026-07-19 15:13:03,541 update: 20500	fps: 169.185	
2026-07-19 15:13:03,542 update: 20500	env-time: 22339.824s	pth-time: 15024.470s	frames: 6560000
2026-07-19 15:13:03,542 Average window size: 50  distance_to_goal: 0.045  reward: 1.000  softspl: 0.934  sparse_reward: 2.500  spl: 0.949  success: 1.000  action_accuracy: 0.775  action_ce_loss: 0.551  action_loss: 0.551  entropy: 0.570  top_1_action_accuracy: 0.775  top_3_action_accuracy: 1.000
2026-07-19 15:14:21,566 update: 20550	fps: 169.257	
2026-07-19 15:14:21,567 update: 20550	env-time: 22379.088s	pth-time: 15060.971s	frames: 6576000
2026-07-19 15:14:21,567 Average window size: 50  distance_to_goal: 0.049  reward: 1.000  softspl: 0.935  sparse_reward: 2.500  spl: 0.953  success: 1.000  action_accuracy: 0.772  action_ce_loss: 0.508  action_loss: 0.508  entropy: 0.546  top_1_action_accuracy: 0.772  top_3_action_accuracy: 0.994
2026-07-19 15:15:39,565 update: 20600	fps: 169.329	
2026-07-19 15:15:39,566 update: 20600	env-time: 22416.178s	pth-time: 15097.485s	frames: 6592000
2026-07-19 15:15:39,566 Average window size: 50  distance_to_goal: 0.046  reward: 1.000  softspl: 0.936  sparse_reward: 2.500  spl: 0.951  success: 1.000  action_accuracy: 0.725  action_ce_loss: 0.657  action_loss: 0.657  entropy: 0.587  top_1_action_accuracy: 0.725  top_3_action_accuracy: 0.988
2026-07-19 15:16:55,357 update: 20650	fps: 169.410	
2026-07-19 15:16:55,357 update: 20650	env-time: 22453.202s	pth-time: 15134.002s	frames: 6608000
2026-07-19 15:16:55,358 Average window size: 50  distance_to_goal: 0.050  reward: 1.000  softspl: 0.923  sparse_reward: 2.500  spl: 0.954  success: 1.000  action_accuracy: 0.794  action_ce_loss: 0.498  action_loss: 0.498  entropy: 0.537  top_1_action_accuracy: 0.794  top_3_action_accuracy: 0.997
2026-07-19 15:18:12,821 update: 20700	fps: 169.484	
2026-07-19 15:18:12,822 update: 20700	env-time: 22489.697s	pth-time: 15170.499s	frames: 6624000
2026-07-19 15:18:12,822 Average window size: 50  distance_to_goal: 0.048  reward: 1.000  softspl: 0.937  sparse_reward: 2.500  spl: 0.954  success: 1.000  action_accuracy: 0.775  action_ce_loss: 0.542  action_loss: 0.542  entropy: 0.518  top_1_action_accuracy: 0.775  top_3_action_accuracy: 0.991
2026-07-19 15:19:32,095 update: 20750	fps: 169.549	
2026-07-19 15:19:32,095 update: 20750	env-time: 22530.150s	pth-time: 15207.189s	frames: 6640000
2026-07-19 15:19:32,095 Average window size: 50  distance_to_goal: 0.049  reward: 1.000  softspl: 0.926  sparse_reward: 2.500  spl: 0.955  success: 1.000  action_accuracy: 0.728  action_ce_loss: 0.596  action_loss: 0.596  entropy: 0.584  top_1_action_accuracy: 0.728  top_3_action_accuracy: 0.997
2026-07-19 15:20:52,315 update: 20800	fps: 169.610	
2026-07-19 15:20:52,316 update: 20800	env-time: 22569.363s	pth-time: 15243.856s	frames: 6656000
2026-07-19 15:20:52,316 Average window size: 50  distance_to_goal: 0.047  reward: 1.000  softspl: 0.911  sparse_reward: 2.500  spl: 0.951  success: 1.000  action_accuracy: 0.738  action_ce_loss: 0.552  action_loss: 0.552  entropy: 0.550  top_1_action_accuracy: 0.738  top_3_action_accuracy: 0.991
2026-07-19 15:22:09,305 update: 20850	fps: 169.685	
2026-07-19 15:22:09,306 update: 20850	env-time: 22607.697s	pth-time: 15280.454s	frames: 6672000
2026-07-19 15:22:09,306 Average window size: 50  distance_to_goal: 0.047  reward: 1.000  softspl: 0.917  sparse_reward: 2.500  spl: 0.950  success: 1.000  action_accuracy: 0.709  action_ce_loss: 0.620  action_loss: 0.620  entropy: 0.560  top_1_action_accuracy: 0.709  top_3_action_accuracy: 0.994
2026-07-19 15:23:36,897 update: 20900	fps: 169.714	
2026-07-19 15:23:36,897 update: 20900	env-time: 22653.481s	pth-time: 15317.118s	frames: 6688000
2026-07-19 15:23:36,897 Average window size: 50  distance_to_goal: 0.046  reward: 1.000  softspl: 0.928  sparse_reward: 2.500  spl: 0.952  success: 1.000  action_accuracy: 0.734  action_ce_loss: 0.559  action_loss: 0.559  entropy: 0.544  top_1_action_accuracy: 0.734  top_3_action_accuracy: 0.984
2026-07-19 15:24:56,188 update: 20950	fps: 169.779	
2026-07-19 15:24:56,188 update: 20950	env-time: 22693.934s	pth-time: 15353.665s	frames: 6704000
2026-07-19 15:24:56,188 Average window size: 50  distance_to_goal: 0.049  reward: 1.000  softspl: 0.936  sparse_reward: 2.500  spl: 0.949  success: 1.000  action_accuracy: 0.762  action_ce_loss: 0.549  action_loss: 0.549  entropy: 0.570  top_1_action_accuracy: 0.762  top_3_action_accuracy: 0.994
2026-07-19 15:26:27,588 update: 21000	fps: 169.791	
2026-07-19 15:26:27,589 update: 21000	env-time: 22743.829s	pth-time: 15390.440s	frames: 6720000
2026-07-19 15:26:27,589 Average window size: 50  distance_to_goal: 0.050  reward: 1.000  softspl: 0.937  sparse_reward: 2.500  spl: 0.950  success: 1.000  action_accuracy: 0.775  action_ce_loss: 0.616  action_loss: 0.616  entropy: 0.609  top_1_action_accuracy: 0.775  top_3_action_accuracy: 0.978
2026-07-19 15:27:49,034 update: 21050	fps: 169.845	
2026-07-19 15:27:49,035 update: 21050	env-time: 22786.264s	pth-time: 15427.054s	frames: 6736000
2026-07-19 15:27:49,035 Average window size: 50  distance_to_goal: 0.046  reward: 1.000  softspl: 0.940  sparse_reward: 2.500  spl: 0.949  success: 1.000  action_accuracy: 0.741  action_ce_loss: 0.563  action_loss: 0.563  entropy: 0.558  top_1_action_accuracy: 0.741  top_3_action_accuracy: 0.988
2026-07-19 15:29:10,985 update: 21100	fps: 169.898	
2026-07-19 15:29:10,985 update: 21100	env-time: 22828.303s	pth-time: 15463.640s	frames: 6752000
2026-07-19 15:29:10,985 Average window size: 50  distance_to_goal: 0.047  reward: 1.000  softspl: 0.942  sparse_reward: 2.500  spl: 0.952  success: 1.000  action_accuracy: 0.716  action_ce_loss: 0.590  action_loss: 0.590  entropy: 0.559  top_1_action_accuracy: 0.716  top_3_action_accuracy: 0.984
2026-07-19 15:30:32,169 update: 21150	fps: 169.953	
2026-07-19 15:30:32,170 update: 21150	env-time: 22870.510s	pth-time: 15500.240s	frames: 6768000
2026-07-19 15:30:32,170 Average window size: 50  distance_to_goal: 0.045  reward: 1.000  softspl: 0.942  sparse_reward: 2.500  spl: 0.953  success: 1.000  action_accuracy: 0.784  action_ce_loss: 0.509  action_loss: 0.509  entropy: 0.540  top_1_action_accuracy: 0.784  top_3_action_accuracy: 0.997
2026-07-19 15:31:52,222 update: 21200	fps: 170.013	
2026-07-19 15:31:52,222 update: 21200	env-time: 22909.525s	pth-time: 15536.879s	frames: 6784000
2026-07-19 15:31:52,223 Average window size: 50  distance_to_goal: 0.046  reward: 1.000  softspl: 0.911  sparse_reward: 2.500  spl: 0.949  success: 1.000  action_accuracy: 0.769  action_ce_loss: 0.552  action_loss: 0.552  entropy: 0.534  top_1_action_accuracy: 0.769  top_3_action_accuracy: 0.997
2026-07-19 15:33:05,008 update: 21250	fps: 170.104	
2026-07-19 15:33:05,009 update: 21250	env-time: 22943.799s	pth-time: 15573.286s	frames: 6800000
2026-07-19 15:33:05,009 Average window size: 50  distance_to_goal: 0.047  reward: 1.000  softspl: 0.928  sparse_reward: 2.500  spl: 0.949  success: 1.000  action_accuracy: 0.784  action_ce_loss: 0.502  action_loss: 0.502  entropy: 0.562  top_1_action_accuracy: 0.784  top_3_action_accuracy: 0.988
2026-07-19 15:34:24,553 update: 21300	fps: 170.166	
2026-07-19 15:34:24,553 update: 21300	env-time: 22982.334s	pth-time: 15609.866s	frames: 6816000
2026-07-19 15:34:24,553 Average window size: 50  distance_to_goal: 0.047  reward: 1.000  softspl: 0.925  sparse_reward: 2.500  spl: 0.954  success: 1.000  action_accuracy: 0.741  action_ce_loss: 0.595  action_loss: 0.595  entropy: 0.646  top_1_action_accuracy: 0.741  top_3_action_accuracy: 0.997
2026-07-19 15:35:41,506 update: 21350	fps: 170.238	
2026-07-19 15:35:41,507 update: 21350	env-time: 23020.644s	pth-time: 15646.352s	frames: 6832000
2026-07-19 15:35:41,507 Average window size: 50  distance_to_goal: 0.045  reward: 1.000  softspl: 0.921  sparse_reward: 2.500  spl: 0.953  success: 1.000  action_accuracy: 0.822  action_ce_loss: 0.471  action_loss: 0.471  entropy: 0.538  top_1_action_accuracy: 0.822  top_3_action_accuracy: 0.988
2026-07-19 15:36:57,186 update: 21400	fps: 170.316	
2026-07-19 15:36:57,187 update: 21400	env-time: 23056.603s	pth-time: 15682.755s	frames: 6848000
2026-07-19 15:36:57,187 Average window size: 50  distance_to_goal: 0.058  reward: 0.997  softspl: 0.919  sparse_reward: 2.493  spl: 0.950  success: 0.997  action_accuracy: 0.809  action_ce_loss: 0.477  action_loss: 0.477  entropy: 0.571  top_1_action_accuracy: 0.809  top_3_action_accuracy: 0.991
2026-07-19 15:38:12,464 update: 21450	fps: 170.394	
2026-07-19 15:38:12,465 update: 21450	env-time: 23093.286s	pth-time: 15719.221s	frames: 6864000
2026-07-19 15:38:12,465 Average window size: 50  distance_to_goal: 0.046  reward: 1.000  softspl: 0.938  sparse_reward: 2.500  spl: 0.953  success: 1.000  action_accuracy: 0.731  action_ce_loss: 0.583  action_loss: 0.583  entropy: 0.579  top_1_action_accuracy: 0.731  top_3_action_accuracy: 0.988
2026-07-19 15:39:28,653 update: 21500	fps: 170.469	
2026-07-19 15:39:28,654 update: 21500	env-time: 23128.545s	pth-time: 15755.702s	frames: 6880000
2026-07-19 15:39:28,654 Average window size: 50  distance_to_goal: 0.047  reward: 1.000  softspl: 0.923  sparse_reward: 2.500  spl: 0.953  success: 1.000  action_accuracy: 0.712  action_ce_loss: 0.662  action_loss: 0.662  entropy: 0.581  top_1_action_accuracy: 0.712  top_3_action_accuracy: 0.991
2026-07-19 15:40:43,972 update: 21550	fps: 170.547	
2026-07-19 15:40:43,973 update: 21550	env-time: 23165.207s	pth-time: 15792.189s	frames: 6896000
2026-07-19 15:40:43,973 Average window size: 50  distance_to_goal: 0.046  reward: 1.000  softspl: 0.922  sparse_reward: 2.500  spl: 0.950  success: 1.000  action_accuracy: 0.769  action_ce_loss: 0.561  action_loss: 0.561  entropy: 0.628  top_1_action_accuracy: 0.769  top_3_action_accuracy: 0.991
2026-07-19 15:42:03,518 update: 21600	fps: 170.607	
2026-07-19 15:42:03,518 update: 21600	env-time: 23203.644s	pth-time: 15828.821s	frames: 6912000
2026-07-19 15:42:03,519 Average window size: 50  distance_to_goal: 0.045  reward: 1.000  softspl: 0.932  sparse_reward: 2.500  spl: 0.949  success: 1.000  action_accuracy: 0.766  action_ce_loss: 0.554  action_loss: 0.554  entropy: 0.598  top_1_action_accuracy: 0.766  top_3_action_accuracy: 0.991
2026-07-19 15:43:22,973 update: 21650	fps: 170.668	
2026-07-19 15:43:22,974 update: 21650	env-time: 23244.152s	pth-time: 15865.458s	frames: 6928000
2026-07-19 15:43:22,974 Average window size: 50  distance_to_goal: 0.045  reward: 1.000  softspl: 0.934  sparse_reward: 2.500  spl: 0.946  success: 1.000  action_accuracy: 0.756  action_ce_loss: 0.567  action_loss: 0.567  entropy: 0.543  top_1_action_accuracy: 0.756  top_3_action_accuracy: 0.994
2026-07-19 15:44:45,712 update: 21700	fps: 170.714	
2026-07-19 15:44:45,712 update: 21700	env-time: 23285.379s	pth-time: 15901.960s	frames: 6944000
2026-07-19 15:44:45,712 Average window size: 50  distance_to_goal: 0.045  reward: 1.000  softspl: 0.934  sparse_reward: 2.500  spl: 0.946  success: 1.000  action_accuracy: 0.728  action_ce_loss: 0.621  action_loss: 0.621  entropy: 0.560  top_1_action_accuracy: 0.728  top_3_action_accuracy: 0.988
2026-07-19 15:46:07,431 update: 21750	fps: 170.764	
2026-07-19 15:46:07,431 update: 21750	env-time: 23328.162s	pth-time: 15938.580s	frames: 6960000
2026-07-19 15:46:07,432 Average window size: 50  distance_to_goal: 0.048  reward: 1.000  softspl: 0.933  sparse_reward: 2.500  spl: 0.945  success: 1.000  action_accuracy: 0.725  action_ce_loss: 0.549  action_loss: 0.549  entropy: 0.556  top_1_action_accuracy: 0.725  top_3_action_accuracy: 0.994
2026-07-19 15:47:27,865 update: 21800	fps: 170.820	
2026-07-19 15:47:27,866 update: 21800	env-time: 23367.468s	pth-time: 15975.199s	frames: 6976000
2026-07-19 15:47:27,866 Average window size: 50  distance_to_goal: 0.046  reward: 1.000  softspl: 0.934  sparse_reward: 2.500  spl: 0.944  success: 1.000  action_accuracy: 0.775  action_ce_loss: 0.508  action_loss: 0.508  entropy: 0.537  top_1_action_accuracy: 0.775  top_3_action_accuracy: 0.988
2026-07-19 15:48:44,288 update: 21850	fps: 170.892	
2026-07-19 15:48:44,289 update: 21850	env-time: 23405.003s	pth-time: 16011.834s	frames: 6992000
2026-07-19 15:48:44,289 Average window size: 50  distance_to_goal: 0.046  reward: 1.000  softspl: 0.928  sparse_reward: 2.500  spl: 0.941  success: 1.000  action_accuracy: 0.744  action_ce_loss: 0.552  action_loss: 0.552  entropy: 0.542  top_1_action_accuracy: 0.744  top_3_action_accuracy: 0.994
2026-07-19 15:50:05,620 update: 21900	fps: 170.943	
2026-07-19 15:50:05,620 update: 21900	env-time: 23445.062s	pth-time: 16048.652s	frames: 7008000
2026-07-19 15:50:05,620 Average window size: 50  distance_to_goal: 0.047  reward: 1.000  softspl: 0.928  sparse_reward: 2.500  spl: 0.945  success: 1.000  action_accuracy: 0.725  action_ce_loss: 0.632  action_loss: 0.632  entropy: 0.593  top_1_action_accuracy: 0.725  top_3_action_accuracy: 0.981
2026-07-19 15:51:22,103 update: 21950	fps: 171.014	
2026-07-19 15:51:22,103 update: 21950	env-time: 23482.860s	pth-time: 16085.084s	frames: 7024000
2026-07-19 15:51:22,103 Average window size: 50  distance_to_goal: 0.047  reward: 1.000  softspl: 0.921  sparse_reward: 2.500  spl: 0.948  success: 1.000  action_accuracy: 0.809  action_ce_loss: 0.471  action_loss: 0.471  entropy: 0.547  top_1_action_accuracy: 0.809  top_3_action_accuracy: 0.984
2026-07-19 15:52:36,312 update: 22000	fps: 171.094	
2026-07-19 15:52:36,313 update: 22000	env-time: 23516.267s	pth-time: 16121.593s	frames: 7040000
2026-07-19 15:52:36,313 Average window size: 50  distance_to_goal: 0.047  reward: 1.000  softspl: 0.901  sparse_reward: 2.500  spl: 0.953  success: 1.000  action_accuracy: 0.766  action_ce_loss: 0.544  action_loss: 0.544  entropy: 0.583  top_1_action_accuracy: 0.766  top_3_action_accuracy: 0.994
2026-07-19 15:53:49,067 update: 22050	fps: 171.181	
2026-07-19 15:53:49,068 update: 22050	env-time: 23550.404s	pth-time: 16158.070s	frames: 7056000
2026-07-19 15:53:49,068 Average window size: 50  distance_to_goal: 0.046  reward: 1.000  softspl: 0.907  sparse_reward: 2.500  spl: 0.950  success: 1.000  action_accuracy: 0.797  action_ce_loss: 0.485  action_loss: 0.485  entropy: 0.531  top_1_action_accuracy: 0.797  top_3_action_accuracy: 1.000
2026-07-19 15:55:11,730 update: 22100	fps: 171.225	
2026-07-19 15:55:11,730 update: 22100	env-time: 23592.037s	pth-time: 16194.649s	frames: 7072000
2026-07-19 15:55:11,731 Average window size: 50  distance_to_goal: 0.045  reward: 1.000  softspl: 0.898  sparse_reward: 2.500  spl: 0.951  success: 1.000  action_accuracy: 0.719  action_ce_loss: 0.625  action_loss: 0.625  entropy: 0.583  top_1_action_accuracy: 0.719  top_3_action_accuracy: 0.991
2026-07-19 15:56:36,804 update: 22150	fps: 171.260	
2026-07-19 15:56:36,804 update: 22150	env-time: 23638.120s	pth-time: 16231.329s	frames: 7088000
2026-07-19 15:56:36,804 Average window size: 50  distance_to_goal: 0.046  reward: 1.000  softspl: 0.879  sparse_reward: 2.500  spl: 0.951  success: 1.000  action_accuracy: 0.778  action_ce_loss: 0.537  action_loss: 0.537  entropy: 0.554  top_1_action_accuracy: 0.778  top_3_action_accuracy: 0.991
2026-07-19 15:57:58,483 update: 22200	fps: 171.309	
2026-07-19 15:57:58,484 update: 22200	env-time: 23679.746s	pth-time: 16267.951s	frames: 7104000
2026-07-19 15:57:58,484 Average window size: 50  distance_to_goal: 0.046  reward: 1.000  softspl: 0.944  sparse_reward: 2.500  spl: 0.951  success: 1.000  action_accuracy: 0.769  action_ce_loss: 0.532  action_loss: 0.532  entropy: 0.584  top_1_action_accuracy: 0.769  top_3_action_accuracy: 0.984
2026-07-19 15:59:21,740 update: 22250	fps: 171.350	
2026-07-19 15:59:21,741 update: 22250	env-time: 23724.035s	pth-time: 16304.548s	frames: 7120000
2026-07-19 15:59:21,741 Average window size: 50  distance_to_goal: 0.044  reward: 1.000  softspl: 0.937  sparse_reward: 2.500  spl: 0.947  success: 1.000  action_accuracy: 0.738  action_ce_loss: 0.559  action_loss: 0.559  entropy: 0.562  top_1_action_accuracy: 0.738  top_3_action_accuracy: 1.000
2026-07-19 16:00:48,370 update: 22300	fps: 171.378	
2026-07-19 16:00:48,370 update: 22300	env-time: 23769.455s	pth-time: 16341.194s	frames: 7136000
2026-07-19 16:00:48,370 Average window size: 50  distance_to_goal: 0.047  reward: 1.000  softspl: 0.940  sparse_reward: 2.500  spl: 0.947  success: 1.000  action_accuracy: 0.709  action_ce_loss: 0.578  action_loss: 0.578  entropy: 0.599  top_1_action_accuracy: 0.709  top_3_action_accuracy: 0.997
2026-07-19 16:02:16,598 update: 22350	fps: 171.399	
2026-07-19 16:02:16,599 update: 22350	env-time: 23818.492s	pth-time: 16377.914s	frames: 7152000
2026-07-19 16:02:16,599 Average window size: 50  distance_to_goal: 0.044  reward: 1.000  softspl: 0.940  sparse_reward: 2.500  spl: 0.947  success: 1.000  action_accuracy: 0.775  action_ce_loss: 0.545  action_loss: 0.545  entropy: 0.593  top_1_action_accuracy: 0.775  top_3_action_accuracy: 1.000
2026-07-19 16:03:45,488 update: 22400	fps: 171.418	
2026-07-19 16:03:45,488 update: 22400	env-time: 23866.232s	pth-time: 16414.496s	frames: 7168000
2026-07-19 16:03:45,488 Average window size: 50  distance_to_goal: 0.044  reward: 1.000  softspl: 0.939  sparse_reward: 2.500  spl: 0.947  success: 1.000  action_accuracy: 0.716  action_ce_loss: 0.662  action_loss: 0.662  entropy: 0.621  top_1_action_accuracy: 0.716  top_3_action_accuracy: 0.988
2026-07-19 16:05:11,664 update: 22450	fps: 171.447	
2026-07-19 16:05:11,665 update: 22450	env-time: 23913.342s	pth-time: 16451.372s	frames: 7184000
2026-07-19 16:05:11,665 Average window size: 50  distance_to_goal: 0.091  reward: 0.996  softspl: 0.936  sparse_reward: 2.491  spl: 0.947  success: 0.996  action_accuracy: 0.741  action_ce_loss: 0.628  action_loss: 0.628  entropy: 0.570  top_1_action_accuracy: 0.741  top_3_action_accuracy: 0.988
2026-07-19 16:06:41,052 update: 22500	fps: 171.463	
2026-07-19 16:06:41,053 update: 22500	env-time: 23961.449s	pth-time: 16488.162s	frames: 7200000
2026-07-19 16:06:41,053 Average window size: 50  distance_to_goal: 0.048  reward: 1.000  softspl: 0.939  sparse_reward: 2.500  spl: 0.949  success: 1.000  action_accuracy: 0.744  action_ce_loss: 0.616  action_loss: 0.616  entropy: 0.602  top_1_action_accuracy: 0.744  top_3_action_accuracy: 0.988
2026-07-19 16:08:07,736 update: 22550	fps: 171.490	
2026-07-19 16:08:07,737 update: 22550	env-time: 24008.671s	pth-time: 16524.821s	frames: 7216000
2026-07-19 16:08:07,737 Average window size: 50  distance_to_goal: 0.047  reward: 1.000  softspl: 0.936  sparse_reward: 2.500  spl: 0.948  success: 1.000  action_accuracy: 0.778  action_ce_loss: 0.523  action_loss: 0.523  entropy: 0.575  top_1_action_accuracy: 0.778  top_3_action_accuracy: 0.997
2026-07-19 16:09:34,981 update: 22600	fps: 171.515	
2026-07-19 16:09:34,982 update: 22600	env-time: 24054.607s	pth-time: 16561.637s	frames: 7232000
2026-07-19 16:09:34,982 Average window size: 50  distance_to_goal: 0.049  reward: 1.000  softspl: 0.938  sparse_reward: 2.500  spl: 0.951  success: 1.000  action_accuracy: 0.728  action_ce_loss: 0.603  action_loss: 0.603  entropy: 0.600  top_1_action_accuracy: 0.728  top_3_action_accuracy: 0.997
2026-07-19 16:11:05,435 update: 22650	fps: 171.526	
2026-07-19 16:11:05,435 update: 22650	env-time: 24106.084s	pth-time: 16598.255s	frames: 7248000
2026-07-19 16:11:05,435 Average window size: 50  distance_to_goal: 0.049  reward: 1.000  softspl: 0.931  sparse_reward: 2.500  spl: 0.947  success: 1.000  action_accuracy: 0.747  action_ce_loss: 0.580  action_loss: 0.580  entropy: 0.590  top_1_action_accuracy: 0.747  top_3_action_accuracy: 0.988
2026-07-19 16:12:50,306 update: 22700	fps: 171.479	
2026-07-19 16:12:50,306 update: 22700	env-time: 24169.136s	pth-time: 16635.264s	frames: 7264000
2026-07-19 16:12:50,307 Average window size: 50  distance_to_goal: 0.047  reward: 1.000  softspl: 0.937  sparse_reward: 2.500  spl: 0.949  success: 1.000  action_accuracy: 0.759  action_ce_loss: 0.511  action_loss: 0.511  entropy: 0.566  top_1_action_accuracy: 0.759  top_3_action_accuracy: 0.994
2026-07-19 16:14:13,514 update: 22750	fps: 171.520	
2026-07-19 16:14:13,515 update: 22750	env-time: 24213.418s	pth-time: 16671.858s	frames: 7280000
2026-07-19 16:14:13,515 Average window size: 50  distance_to_goal: 0.047  reward: 1.000  softspl: 0.935  sparse_reward: 2.500  spl: 0.946  success: 1.000  action_accuracy: 0.728  action_ce_loss: 0.594  action_loss: 0.594  entropy: 0.628  top_1_action_accuracy: 0.728  top_3_action_accuracy: 0.994
2026-07-19 16:15:42,273 update: 22800	fps: 171.538	
2026-07-19 16:15:42,273 update: 22800	env-time: 24261.017s	pth-time: 16708.549s	frames: 7296000
2026-07-19 16:15:42,273 Average window size: 50  distance_to_goal: 0.046  reward: 1.000  softspl: 0.923  sparse_reward: 2.500  spl: 0.948  success: 1.000  action_accuracy: 0.788  action_ce_loss: 0.530  action_loss: 0.530  entropy: 0.604  top_1_action_accuracy: 0.788  top_3_action_accuracy: 0.997
2026-07-19 16:17:06,207 update: 22850	fps: 171.576	
2026-07-19 16:17:06,207 update: 22850	env-time: 24306.033s	pth-time: 16745.122s	frames: 7312000
2026-07-19 16:17:06,208 Average window size: 50  distance_to_goal: 0.045  reward: 1.000  softspl: 0.930  sparse_reward: 2.500  spl: 0.947  success: 1.000  action_accuracy: 0.747  action_ce_loss: 0.584  action_loss: 0.584  entropy: 0.601  top_1_action_accuracy: 0.747  top_3_action_accuracy: 0.994
2026-07-19 16:18:29,375 update: 22900	fps: 171.616	
2026-07-19 16:18:29,375 update: 22900	env-time: 24349.053s	pth-time: 16781.862s	frames: 7328000
2026-07-19 16:18:29,375 Average window size: 50  distance_to_goal: 0.048  reward: 1.000  softspl: 0.934  sparse_reward: 2.500  spl: 0.951  success: 1.000  action_accuracy: 0.731  action_ce_loss: 0.592  action_loss: 0.592  entropy: 0.555  top_1_action_accuracy: 0.731  top_3_action_accuracy: 0.984
2026-07-19 16:19:51,145 update: 22950	fps: 171.662	
2026-07-19 16:19:51,145 update: 22950	env-time: 24391.757s	pth-time: 16818.521s	frames: 7344000
2026-07-19 16:19:51,145 Average window size: 50  distance_to_goal: 0.045  reward: 1.000  softspl: 0.926  sparse_reward: 2.500  spl: 0.950  success: 1.000  action_accuracy: 0.750  action_ce_loss: 0.602  action_loss: 0.602  entropy: 0.594  top_1_action_accuracy: 0.750  top_3_action_accuracy: 0.988
2026-07-19 16:21:15,477 update: 23000	fps: 171.698	
2026-07-19 16:21:15,477 update: 23000	env-time: 24434.697s	pth-time: 16855.285s	frames: 7360000
2026-07-19 16:21:15,477 Average window size: 50  distance_to_goal: 0.045  reward: 1.000  softspl: 0.933  sparse_reward: 2.500  spl: 0.950  success: 1.000  action_accuracy: 0.716  action_ce_loss: 0.601  action_loss: 0.601  entropy: 0.614  top_1_action_accuracy: 0.716  top_3_action_accuracy: 0.991
2026-07-19 16:22:38,562 update: 23050	fps: 171.738	
2026-07-19 16:22:38,563 update: 23050	env-time: 24478.731s	pth-time: 16891.896s	frames: 7376000
2026-07-19 16:22:38,563 Average window size: 50  distance_to_goal: 0.050  reward: 1.000  softspl: 0.944  sparse_reward: 2.500  spl: 0.953  success: 1.000  action_accuracy: 0.738  action_ce_loss: 0.568  action_loss: 0.568  entropy: 0.606  top_1_action_accuracy: 0.738  top_3_action_accuracy: 0.994
2026-07-19 16:24:07,954 update: 23100	fps: 171.753	
2026-07-19 16:24:07,954 update: 23100	env-time: 24526.587s	pth-time: 16928.727s	frames: 7392000
2026-07-19 16:24:07,955 Average window size: 50  distance_to_goal: 0.047  reward: 1.000  softspl: 0.931  sparse_reward: 2.500  spl: 0.952  success: 1.000  action_accuracy: 0.778  action_ce_loss: 0.507  action_loss: 0.507  entropy: 0.572  top_1_action_accuracy: 0.778  top_3_action_accuracy: 0.988
2026-07-19 16:25:29,679 update: 23150	fps: 171.799	
2026-07-19 16:25:29,679 update: 23150	env-time: 24569.320s	pth-time: 16965.435s	frames: 7408000
2026-07-19 16:25:29,679 Average window size: 50  distance_to_goal: 0.047  reward: 1.000  softspl: 0.929  sparse_reward: 2.500  spl: 0.954  success: 1.000  action_accuracy: 0.788  action_ce_loss: 0.474  action_loss: 0.474  entropy: 0.586  top_1_action_accuracy: 0.788  top_3_action_accuracy: 1.000
2026-07-19 16:26:54,428 update: 23200	fps: 171.832	
2026-07-19 16:26:54,428 update: 23200	env-time: 24612.857s	pth-time: 17002.138s	frames: 7424000
2026-07-19 16:26:54,428 Average window size: 50  distance_to_goal: 0.048  reward: 1.000  softspl: 0.919  sparse_reward: 2.500  spl: 0.952  success: 1.000  action_accuracy: 0.784  action_ce_loss: 0.532  action_loss: 0.532  entropy: 0.572  top_1_action_accuracy: 0.784  top_3_action_accuracy: 0.991
2026-07-19 16:28:13,530 update: 23250	fps: 171.888	
2026-07-19 16:28:13,531 update: 23250	env-time: 24653.154s	pth-time: 17038.695s	frames: 7440000
2026-07-19 16:28:13,531 Average window size: 50  distance_to_goal: 0.049  reward: 1.000  softspl: 0.933  sparse_reward: 2.500  spl: 0.953  success: 1.000  action_accuracy: 0.794  action_ce_loss: 0.485  action_loss: 0.485  entropy: 0.579  top_1_action_accuracy: 0.794  top_3_action_accuracy: 0.997
2026-07-19 16:29:34,063 update: 23300	fps: 171.937	
2026-07-19 16:29:34,064 update: 23300	env-time: 24692.693s	pth-time: 17075.284s	frames: 7456000
2026-07-19 16:29:34,064 Average window size: 50  distance_to_goal: 0.046  reward: 1.000  softspl: 0.920  sparse_reward: 2.500  spl: 0.953  success: 1.000  action_accuracy: 0.775  action_ce_loss: 0.504  action_loss: 0.504  entropy: 0.542  top_1_action_accuracy: 0.775  top_3_action_accuracy: 0.997
2026-07-19 16:30:55,680 update: 23350	fps: 171.983	
2026-07-19 16:30:55,680 update: 23350	env-time: 24735.488s	pth-time: 17111.802s	frames: 7472000
2026-07-19 16:30:55,680 Average window size: 50  distance_to_goal: 0.048  reward: 1.000  softspl: 0.931  sparse_reward: 2.500  spl: 0.949  success: 1.000  action_accuracy: 0.769  action_ce_loss: 0.536  action_loss: 0.536  entropy: 0.559  top_1_action_accuracy: 0.769  top_3_action_accuracy: 0.997
2026-07-19 16:32:15,642 update: 23400	fps: 172.034	
2026-07-19 16:32:15,642 update: 23400	env-time: 24774.474s	pth-time: 17148.417s	frames: 7488000
2026-07-19 16:32:15,643 Average window size: 50  distance_to_goal: 0.047  reward: 1.000  softspl: 0.926  sparse_reward: 2.500  spl: 0.950  success: 1.000  action_accuracy: 0.788  action_ce_loss: 0.507  action_loss: 0.507  entropy: 0.526  top_1_action_accuracy: 0.788  top_3_action_accuracy: 0.994
2026-07-19 16:33:37,317 update: 23450	fps: 172.079	
2026-07-19 16:33:37,318 update: 23450	env-time: 24817.403s	pth-time: 17184.930s	frames: 7504000
2026-07-19 16:33:37,318 Average window size: 50  distance_to_goal: 0.048  reward: 1.000  softspl: 0.933  sparse_reward: 2.500  spl: 0.953  success: 1.000  action_accuracy: 0.766  action_ce_loss: 0.599  action_loss: 0.599  entropy: 0.574  top_1_action_accuracy: 0.766  top_3_action_accuracy: 0.991
2026-07-19 16:35:02,613 update: 23500	fps: 172.109	
2026-07-19 16:35:02,613 update: 23500	env-time: 24861.615s	pth-time: 17221.602s	frames: 7520000
2026-07-19 16:35:02,613 Average window size: 50  distance_to_goal: 0.046  reward: 1.000  softspl: 0.946  sparse_reward: 2.500  spl: 0.954  success: 1.000  action_accuracy: 0.750  action_ce_loss: 0.541  action_loss: 0.541  entropy: 0.556  top_1_action_accuracy: 0.750  top_3_action_accuracy: 0.991
2026-07-19 16:36:27,756 update: 23550	fps: 172.140	
2026-07-19 16:36:27,757 update: 23550	env-time: 24907.930s	pth-time: 17258.140s	frames: 7536000
2026-07-19 16:36:27,757 Average window size: 50  distance_to_goal: 0.048  reward: 1.000  softspl: 0.942  sparse_reward: 2.500  spl: 0.956  success: 1.000  action_accuracy: 0.769  action_ce_loss: 0.499  action_loss: 0.499  entropy: 0.545  top_1_action_accuracy: 0.769  top_3_action_accuracy: 0.994
2026-07-19 16:37:49,465 update: 23600	fps: 172.184	
2026-07-19 16:37:49,466 update: 23600	env-time: 24948.503s	pth-time: 17294.766s	frames: 7552000
2026-07-19 16:37:49,466 Average window size: 50  distance_to_goal: 0.047  reward: 1.000  softspl: 0.941  sparse_reward: 2.500  spl: 0.956  success: 1.000  action_accuracy: 0.797  action_ce_loss: 0.514  action_loss: 0.514  entropy: 0.594  top_1_action_accuracy: 0.797  top_3_action_accuracy: 0.991
2026-07-19 16:39:04,306 update: 23650	fps: 172.255	
2026-07-19 16:39:04,306 update: 23650	env-time: 24984.847s	pth-time: 17331.183s	frames: 7568000
2026-07-19 16:39:04,306 Average window size: 50  distance_to_goal: 0.044  reward: 1.000  softspl: 0.940  sparse_reward: 2.500  spl: 0.951  success: 1.000  action_accuracy: 0.762  action_ce_loss: 0.581  action_loss: 0.581  entropy: 0.583  top_1_action_accuracy: 0.762  top_3_action_accuracy: 0.981
2026-07-19 16:40:24,549 update: 23700	fps: 172.305	
2026-07-19 16:40:24,550 update: 23700	env-time: 25024.180s	pth-time: 17367.712s	frames: 7584000
2026-07-19 16:40:24,550 Average window size: 50  distance_to_goal: 0.047  reward: 1.000  softspl: 0.936  sparse_reward: 2.500  spl: 0.951  success: 1.000  action_accuracy: 0.803  action_ce_loss: 0.515  action_loss: 0.515  entropy: 0.572  top_1_action_accuracy: 0.803  top_3_action_accuracy: 0.981
2026-07-19 16:41:44,265 update: 23750	fps: 172.356	
2026-07-19 16:41:44,266 update: 23750	env-time: 25065.073s	pth-time: 17404.284s	frames: 7600000
2026-07-19 16:41:44,266 Average window size: 50  distance_to_goal: 0.044  reward: 1.000  softspl: 0.934  sparse_reward: 2.500  spl: 0.951  success: 1.000  action_accuracy: 0.766  action_ce_loss: 0.559  action_loss: 0.559  entropy: 0.559  top_1_action_accuracy: 0.766  top_3_action_accuracy: 0.988
2026-07-19 16:43:06,527 update: 23800	fps: 172.397	
2026-07-19 16:43:06,528 update: 23800	env-time: 25106.312s	pth-time: 17440.879s	frames: 7616000
2026-07-19 16:43:06,528 Average window size: 50  distance_to_goal: 0.046  reward: 1.000  softspl: 0.932  sparse_reward: 2.500  spl: 0.950  success: 1.000  action_accuracy: 0.712  action_ce_loss: 0.687  action_loss: 0.687  entropy: 0.594  top_1_action_accuracy: 0.712  top_3_action_accuracy: 0.988
2026-07-19 16:44:31,852 update: 23850	fps: 172.426	
2026-07-19 16:44:31,852 update: 23850	env-time: 25152.683s	pth-time: 17477.494s	frames: 7632000
2026-07-19 16:44:31,852 Average window size: 50  distance_to_goal: 0.045  reward: 1.000  softspl: 0.908  sparse_reward: 2.500  spl: 0.952  success: 1.000  action_accuracy: 0.750  action_ce_loss: 0.609  action_loss: 0.609  entropy: 0.585  top_1_action_accuracy: 0.750  top_3_action_accuracy: 0.994
2026-07-19 16:45:55,421 update: 23900	fps: 172.462	
2026-07-19 16:45:55,421 update: 23900	env-time: 25195.052s	pth-time: 17514.130s	frames: 7648000
2026-07-19 16:45:55,421 Average window size: 50  distance_to_goal: 0.045  reward: 1.000  softspl: 0.927  sparse_reward: 2.500  spl: 0.951  success: 1.000  action_accuracy: 0.753  action_ce_loss: 0.575  action_loss: 0.575  entropy: 0.604  top_1_action_accuracy: 0.753  top_3_action_accuracy: 0.994
2026-07-19 16:47:13,802 update: 23950	fps: 172.518	
2026-07-19 16:47:13,803 update: 23950	env-time: 25234.591s	pth-time: 17550.731s	frames: 7664000
2026-07-19 16:47:13,803 Average window size: 50  distance_to_goal: 0.045  reward: 1.000  softspl: 0.932  sparse_reward: 2.500  spl: 0.950  success: 1.000  action_accuracy: 0.803  action_ce_loss: 0.509  action_loss: 0.509  entropy: 0.568  top_1_action_accuracy: 0.803  top_3_action_accuracy: 0.994
2026-07-19 16:48:30,507 update: 24000	fps: 172.580	
2026-07-19 16:48:30,507 update: 24000	env-time: 25270.334s	pth-time: 17587.206s	frames: 7680000
2026-07-19 16:48:30,507 Average window size: 50  distance_to_goal: 0.044  reward: 1.000  softspl: 0.938  sparse_reward: 2.500  spl: 0.952  success: 1.000  action_accuracy: 0.759  action_ce_loss: 0.580  action_loss: 0.580  entropy: 0.589  top_1_action_accuracy: 0.759  top_3_action_accuracy: 0.994
2026-07-19 16:49:45,756 update: 24050	fps: 172.648	
2026-07-19 16:49:45,756 update: 24050	env-time: 25306.943s	pth-time: 17623.741s	frames: 7696000
2026-07-19 16:49:45,756 Average window size: 50  distance_to_goal: 0.043  reward: 1.000  softspl: 0.936  sparse_reward: 2.500  spl: 0.950  success: 1.000  action_accuracy: 0.741  action_ce_loss: 0.585  action_loss: 0.585  entropy: 0.614  top_1_action_accuracy: 0.741  top_3_action_accuracy: 0.994
2026-07-19 16:51:02,909 update: 24100	fps: 172.708	
2026-07-19 16:51:02,910 update: 24100	env-time: 25343.172s	pth-time: 17660.269s	frames: 7712000
2026-07-19 16:51:02,910 Average window size: 50  distance_to_goal: 0.047  reward: 1.000  softspl: 0.933  sparse_reward: 2.500  spl: 0.948  success: 1.000  action_accuracy: 0.731  action_ce_loss: 0.622  action_loss: 0.622  entropy: 0.654  top_1_action_accuracy: 0.731  top_3_action_accuracy: 0.997
2026-07-19 16:52:17,652 update: 24150	fps: 172.777	
2026-07-19 16:52:17,652 update: 24150	env-time: 25379.267s	pth-time: 17696.720s	frames: 7728000
2026-07-19 16:52:17,652 Average window size: 50  distance_to_goal: 0.047  reward: 1.000  softspl: 0.936  sparse_reward: 2.500  spl: 0.945  success: 1.000  action_accuracy: 0.712  action_ce_loss: 0.628  action_loss: 0.628  entropy: 0.637  top_1_action_accuracy: 0.712  top_3_action_accuracy: 0.991
2026-07-19 16:53:30,337 update: 24200	fps: 172.854	
2026-07-19 16:53:30,338 update: 24200	env-time: 25411.416s	pth-time: 17733.051s	frames: 7744000
2026-07-19 16:53:30,338 Average window size: 50  distance_to_goal: 0.045  reward: 1.000  softspl: 0.931  sparse_reward: 2.500  spl: 0.945  success: 1.000  action_accuracy: 0.744  action_ce_loss: 0.570  action_loss: 0.570  entropy: 0.589  top_1_action_accuracy: 0.744  top_3_action_accuracy: 0.997
2026-07-19 16:54:41,678 update: 24250	fps: 172.936	
2026-07-19 16:54:41,678 update: 24250	env-time: 25444.317s	pth-time: 17769.417s	frames: 7760000
2026-07-19 16:54:41,678 Average window size: 50  distance_to_goal: 0.046  reward: 1.000  softspl: 0.936  sparse_reward: 2.500  spl: 0.946  success: 1.000  action_accuracy: 0.750  action_ce_loss: 0.594  action_loss: 0.594  entropy: 0.597  top_1_action_accuracy: 0.750  top_3_action_accuracy: 0.991
2026-07-19 16:56:10,123 update: 24300	fps: 172.951	
2026-07-19 16:56:10,124 update: 24300	env-time: 25491.516s	pth-time: 17806.117s	frames: 7776000
2026-07-19 16:56:10,124 Average window size: 50  distance_to_goal: 0.046  reward: 1.000  softspl: 0.935  sparse_reward: 2.500  spl: 0.945  success: 1.000  action_accuracy: 0.769  action_ce_loss: 0.580  action_loss: 0.580  entropy: 0.555  top_1_action_accuracy: 0.769  top_3_action_accuracy: 0.988
2026-07-19 16:57:31,444 update: 24350	fps: 172.994	
2026-07-19 16:57:31,445 update: 24350	env-time: 25533.836s	pth-time: 17842.685s	frames: 7792000
2026-07-19 16:57:31,445 Average window size: 50  distance_to_goal: 0.045  reward: 1.000  softspl: 0.931  sparse_reward: 2.500  spl: 0.943  success: 1.000  action_accuracy: 0.744  action_ce_loss: 0.646  action_loss: 0.646  entropy: 0.595  top_1_action_accuracy: 0.744  top_3_action_accuracy: 0.984
2026-07-19 16:58:47,027 update: 24400	fps: 173.059	
2026-07-19 16:58:47,028 update: 24400	env-time: 25568.605s	pth-time: 17878.992s	frames: 7808000
2026-07-19 16:58:47,028 Average window size: 50  distance_to_goal: 0.047  reward: 1.000  softspl: 0.925  sparse_reward: 2.500  spl: 0.946  success: 1.000  action_accuracy: 0.794  action_ce_loss: 0.509  action_loss: 0.509  entropy: 0.571  top_1_action_accuracy: 0.794  top_3_action_accuracy: 0.994
2026-07-19 17:00:14,209 update: 24450	fps: 173.079	
2026-07-19 17:00:14,209 update: 24450	env-time: 25616.787s	pth-time: 17915.593s	frames: 7824000
2026-07-19 17:00:14,210 Average window size: 50  distance_to_goal: 0.065  reward: 0.996  softspl: 0.935  sparse_reward: 2.491  spl: 0.946  success: 0.996  action_accuracy: 0.791  action_ce_loss: 0.458  action_loss: 0.458  entropy: 0.482  top_1_action_accuracy: 0.791  top_3_action_accuracy: 0.994
2026-07-19 17:01:36,342 update: 24500	fps: 173.119	
2026-07-19 17:01:36,342 update: 24500	env-time: 25657.558s	pth-time: 17952.279s	frames: 7840000
2026-07-19 17:01:36,342 Average window size: 50  distance_to_goal: 0.046  reward: 1.000  softspl: 0.932  sparse_reward: 2.500  spl: 0.947  success: 1.000  action_accuracy: 0.756  action_ce_loss: 0.564  action_loss: 0.564  entropy: 0.532  top_1_action_accuracy: 0.756  top_3_action_accuracy: 0.997
2026-07-19 17:03:15,349 update: 24550	fps: 173.093	
2026-07-19 17:03:15,350 update: 24550	env-time: 25717.220s	pth-time: 17989.139s	frames: 7856000
2026-07-19 17:03:15,350 Average window size: 50  distance_to_goal: 0.045  reward: 1.000  softspl: 0.944  sparse_reward: 2.500  spl: 0.952  success: 1.000  action_accuracy: 0.741  action_ce_loss: 0.602  action_loss: 0.602  entropy: 0.599  top_1_action_accuracy: 0.741  top_3_action_accuracy: 0.994
2026-07-19 17:04:44,256 update: 24600	fps: 173.107	
2026-07-19 17:04:44,257 update: 24600	env-time: 25764.867s	pth-time: 18025.900s	frames: 7872000
2026-07-19 17:04:44,257 Average window size: 50  distance_to_goal: 0.047  reward: 1.000  softspl: 0.928  sparse_reward: 2.500  spl: 0.953  success: 1.000  action_accuracy: 0.750  action_ce_loss: 0.555  action_loss: 0.555  entropy: 0.572  top_1_action_accuracy: 0.750  top_3_action_accuracy: 0.997
2026-07-19 17:06:04,143 update: 24650	fps: 173.155	
2026-07-19 17:06:04,143 update: 24650	env-time: 25805.824s	pth-time: 18062.517s	frames: 7888000
2026-07-19 17:06:04,143 Average window size: 50  distance_to_goal: 0.046  reward: 1.000  softspl: 0.938  sparse_reward: 2.500  spl: 0.952  success: 1.000  action_accuracy: 0.772  action_ce_loss: 0.487  action_loss: 0.487  entropy: 0.563  top_1_action_accuracy: 0.772  top_3_action_accuracy: 1.000
2026-07-19 17:07:29,594 update: 24700	fps: 173.181	
2026-07-19 17:07:29,594 update: 24700	env-time: 25850.063s	pth-time: 18099.303s	frames: 7904000
2026-07-19 17:07:29,594 Average window size: 50  distance_to_goal: 0.044  reward: 1.000  softspl: 0.933  sparse_reward: 2.500  spl: 0.951  success: 1.000  action_accuracy: 0.775  action_ce_loss: 0.534  action_loss: 0.534  entropy: 0.592  top_1_action_accuracy: 0.775  top_3_action_accuracy: 0.994
2026-07-19 17:08:56,718 update: 24750	fps: 173.201	
2026-07-19 17:08:56,719 update: 24750	env-time: 25898.142s	pth-time: 18136.021s	frames: 7920000
2026-07-19 17:08:56,719 Average window size: 50  distance_to_goal: 0.046  reward: 1.000  softspl: 0.943  sparse_reward: 2.500  spl: 0.951  success: 1.000  action_accuracy: 0.719  action_ce_loss: 0.628  action_loss: 0.628  entropy: 0.614  top_1_action_accuracy: 0.719  top_3_action_accuracy: 0.994
2026-07-19 17:10:18,817 update: 24800	fps: 173.240	
2026-07-19 17:10:18,818 update: 24800	env-time: 25938.995s	pth-time: 18172.712s	frames: 7936000
2026-07-19 17:10:18,818 Average window size: 50  distance_to_goal: 0.047  reward: 1.000  softspl: 0.945  sparse_reward: 2.500  spl: 0.952  success: 1.000  action_accuracy: 0.766  action_ce_loss: 0.579  action_loss: 0.579  entropy: 0.597  top_1_action_accuracy: 0.766  top_3_action_accuracy: 0.997
2026-07-19 17:11:39,419 update: 24850	fps: 173.284	
2026-07-19 17:11:39,419 update: 24850	env-time: 25980.484s	pth-time: 18209.441s	frames: 7952000
2026-07-19 17:11:39,420 Average window size: 50  distance_to_goal: 0.046  reward: 1.000  softspl: 0.939  sparse_reward: 2.500  spl: 0.949  success: 1.000  action_accuracy: 0.753  action_ce_loss: 0.573  action_loss: 0.573  entropy: 0.590  top_1_action_accuracy: 0.753  top_3_action_accuracy: 0.988
2026-07-19 17:13:09,333 update: 24900	fps: 173.293	
2026-07-19 17:13:09,334 update: 24900	env-time: 26028.683s	pth-time: 18246.332s	frames: 7968000
2026-07-19 17:13:09,334 Average window size: 50  distance_to_goal: 0.048  reward: 1.000  softspl: 0.939  sparse_reward: 2.500  spl: 0.947  success: 1.000  action_accuracy: 0.706  action_ce_loss: 0.601  action_loss: 0.601  entropy: 0.621  top_1_action_accuracy: 0.706  top_3_action_accuracy: 0.988
2026-07-19 17:14:37,516 update: 24950	fps: 173.309	
2026-07-19 17:14:37,516 update: 24950	env-time: 26077.591s	pth-time: 18283.245s	frames: 7984000
2026-07-19 17:14:37,517 Average window size: 50  distance_to_goal: 0.047  reward: 1.000  softspl: 0.940  sparse_reward: 2.500  spl: 0.948  success: 1.000  action_accuracy: 0.756  action_ce_loss: 0.561  action_loss: 0.561  entropy: 0.592  top_1_action_accuracy: 0.756  top_3_action_accuracy: 0.991
2026-07-19 17:16:04,425 update: 25000	fps: 173.329	
2026-07-19 17:16:04,426 update: 25000	env-time: 26123.010s	pth-time: 18320.079s	frames: 8000000
2026-07-19 17:16:04,426 Average window size: 50  distance_to_goal: 0.047  reward: 1.000  softspl: 0.940  sparse_reward: 2.500  spl: 0.947  success: 1.000  action_accuracy: 0.738  action_ce_loss: 0.650  action_loss: 0.650  entropy: 0.605  top_1_action_accuracy: 0.738  top_3_action_accuracy: 0.981
wandb:                                                                                
wandb: 
wandb: Run history:
wandb:       losses/action_accuracy ▃▂▃▁▄▃▃▃▄▃▄▄▅▄▂▄▄▅▄▄▅▃▄▄▄▄▄▆▄▄▄▅▄▅▄▅█▄▄▄
wandb:        losses/action_ce_loss █▅▆▇▃▆▅▄▄▇▅▆▃▅▄▆▅▆▅▂▄▃▄▇▆▄▂▇▃▄▄▂▃▁▅▁▃▅▁▄
wandb:           losses/action_loss █▇▇▅▅▆▆█▆█▇▄▇▄█▆▄▁▄▅▇▆▇▅▅▅▄▃▆▃▅▅▂▃▅▅▄▄▄▅
wandb:               losses/entropy ▆▇▇▆▅▃██▅▅█▃▄▅▆▃▅▆▆▅▅▅▅▃▃▃▃▂▅▅▃▃▄▄▄▂▂▄▅▁
wandb: losses/top_1_action_accuracy ▂▃▃▅▃▄▃▄▄▄▁▄▅▅▄▄▆▇▃▃▅▅█▆▃▃▄▅▅█▆▇█▂▄█▃▆▅▄
wandb: losses/top_3_action_accuracy ▁▆▇▆▆▅▆▆▇▆▆▃▅▆▅▆██▅▆▇▆▂▆█▆█▇██▆▆▇▇█▇▄█▇▇
wandb:     metrics/distance_to_goal █▂▁▂▂▂▂▁▂▂▁▂▄▄▁▂▂▁▂▂▁▁▂▁▂▂▁▂▁▁▁▂▂▁▂▂▂▂▂▁
wandb:                  metrics/fps ▁▂▂▂▂▃▃▃▃▄▅▅▅▅▅▆▆▆▆▆▆▆▆▆▆▆▇▇▇▇▇▇▇▇▇█████
wandb:              metrics/softspl ▇▇▇▆▄▇▇▇▇█▆██▇▇▇▆▇▇▆▇▇▇▇▇▂▂▅▅█▄▆▆▃▁▆▆▇▆▇
wandb:        metrics/sparse_reward ██▁█████████████████████████████████████
wandb:                  metrics/spl ▁▅▆▆▃▅█▂▇▆▅▅▅▄▆▆█▁▄▄▆▆▇▆▂▄▆█▃▂▇▆▆▅▅▄▅██▅
wandb:              metrics/success ██████████▁████████▁███████████▂████████
wandb:                       reward ▁▁▁▁▁▁▁▁▁▁▁▁▁▁▁▁▁▁▁▁▁▁▁▁▁▁▁▁▁▁▁▁▁▁▁▁▁▁▁▁
wandb: 
wandb: Run summary:
wandb:       losses/action_accuracy 0.7375
wandb:        losses/action_ce_loss 0.64981
wandb:           losses/action_loss 0.64981
wandb:               losses/entropy 0.60459
wandb: losses/top_1_action_accuracy 0.7375
wandb: losses/top_3_action_accuracy 0.98125
wandb:     metrics/distance_to_goal 0.04749
wandb:                  metrics/fps 173.32913
wandb:              metrics/softspl 0.9397
wandb:        metrics/sparse_reward 2.5
wandb:                  metrics/spl 0.94744
wandb:              metrics/success 1
wandb:                       reward 1
wandb: 
wandb: 🚀 View run il_costmap_2ch_sp at: https://wandb.ai/jaiswalkhushi2911-coep-technological-university-/pirlnav-baseline/runs/n9rg9oef
wandb: ⭐️ View project at: https://wandb.ai/jaiswalkhushi2911-coep-technological-university-/pirlnav-baseline
wandb: Synced 5 W&B file(s), 0 media file(s), 0 artifact file(s) and 0 other file(s)
wandb: Find logs at: ./wandb/run-20260719_094741-n9rg9oef/logs
===== attempt 4 ended @ 17:16:16: update 8950 -> 25000 in 26947s =====
===== COSTMAP COMPLETE at update 25000 =====
RESILIENT-CM-EXIT
